<?xml version="1.0" encoding="UTF-8"?>

<configuration status="info">
    <Properties>
        <!-- 声明日志文件存储的目录 -->
        <Property name="LOG_HOME">${sys:LOG_PATH}/logs/biz</Property>
        <Property name="LOG_PATTERN"
                  value="[%d{yyyy-MM-dd'T'HH:mm:ss.SSS}] [%p] [%X{TraceId}] [%t] [%C:%L] [%M] %m%n"></Property>
    </Properties>
    <Appenders>
        <!-- 输出到控制台 -->
        <Console name="Console" target="SYSTEM_OUT">
            <ThresholdFilter level="INFO" onMatch="ACCEPT" onMismatch="DENY"/>
            <PatternLayout pattern="${LOG_PATTERN}"/>
        </Console>
        <!--输出日志到文件的配置，每次大小超过size，则这size大小的日志会自动存入按年份-月份建立的文件夹下面-->
        <RollingFile name="SystemRollingFile" fileName="${LOG_HOME}/system.log"
                     filePattern="${LOG_HOME}/system_%d{yyyy-MM-dd}_%i.log">
            <ThresholdFilter level="info" onMatch="ACCEPT" onMismatch="DENY"/>
            <!-- 输出日志的格式-->
            <PatternLayout pattern="${LOG_PATTERN}"/>
            <Policies>
                <SizeBasedTriggeringPolicy size="200MB"/>
            </Policies>
            <DefaultRolloverStrategy max="10">
                <Delete basePath="${LOG_HOME}" maxDepth="1">
                    <IfLastModified age="10d"/>
                </Delete>
            </DefaultRolloverStrategy>
        </RollingFile>
        <RollingFile name="LogicRollingFile" fileName="${LOG_HOME}/logic.log"
                     filePattern="${LOG_HOME}/logic_%d{yyyy-MM-dd}_%i.log">
            <ThresholdFilter level="info" onMatch="ACCEPT" onMismatch="DENY"/>
            <!-- 输出日志的格式-->
            <PatternLayout pattern="${LOG_PATTERN}"/>
            <Policies>
                <SizeBasedTriggeringPolicy size="200MB"/>
            </Policies>
            <DefaultRolloverStrategy max="10">
                <Delete basePath="${LOG_HOME}" maxDepth="1">
                    <IfLastModified age="10d"/>
                </Delete>
            </DefaultRolloverStrategy>
        </RollingFile>
    </Appenders>
    <!--然后定义Logger，只有定义了Logger并引入的Appender，Appender才会生效。Root中level配置了日志级别，可配置其他级别-->
    <Loggers>
        <Root level="info">
            <AppenderRef ref="SystemRollingFile"/>
            <AppenderRef ref="Console"/>
        </Root>

        <logger name="LCAP_CUSTOMIZE_LOGGER" level="info" additivity="false">
            <appender-ref ref="LogicRollingFile"/>
        </logger>
    </Loggers>

</configuration>