{
    "GenerateExtendToken": {
        "url": {
            "method": "get",
            "path": "/gateway/nuims/nuims",
            "query": {
                "Action": "GenerateExtendToken",
                "Version": "2020-06-01"
            }
        }
    },
    "NuimsLogin": {
        "url": {
            "method": "post",
            "path": "/gateway/nuims/nuims",
            "query": {
                "Action": "NuimsLogin",
                "Version": "2020-06-01"
            }
        }
    },
    "CheckExtendToken": {
        "url": {
            "method": "get",
            "path": "/gateway/nuims/nuims",
            "query": {
                "Action": "CheckExtendToken",
                "Version": "2020-06-01"
            }
        }
    },
    "Authentication": {
        "url": {
            "method": "post",
            "path": "/gateway/nuims/nuims",
            "query": {
                "Action": "Authentication",
                "Version": "2020-06-01"
            }
        }
    },
    "GetUser": {
        "url": {
            "method": "get",
            "path": "/gateway/nuims/nuims",
            "query": {
                "Action": "GetUser",
                "Version": "2020-06-01"
            }
        }
    },
    "GetUserResources": {
        "url": {
            "method": "post",
            "path": "/gateway/nuims/nuims",
            "query": {
                "Action": "GetUserResources",
                "Version": "2020-06-01"
            }
        }
    },
    "getNuimsTenantLoginTypes": {
        "url": {
            "method": "get",
            "path": "/gateway/nuims/nuims",
            "query": {
                "Action": "getNuimsTenantLoginTypes",
                "Version": "2020-06-01"
            }
        }
    },
    "IsUserHasPermission": {
        "url": {
            "method": "post",
            "path": "/gateway/nuims/nuims",
            "query": {
                "Action": "IsUserHasPermission",
                "Version": "2020-06-01"
            }
        }
    },
    "Logout": {
        "url": {
            "method": "post",
            "path": "/gateway/nuims/nuims",
            "query": {
                "Action": "Logout",
                "Version": "2020-06-01"
            }
        }
    }
}
