<?xml version="1.0" encoding="UTF-8"?>
<!DOCTYPE mapper PUBLIC "-//mybatis.org//DTD Mapper 3.0//EN" "http://mybatis.org/dtd/mybatis-3-mapper.dtd">
<!--
  automatically generated LCAPUserRoleMapping Mapper xml
-->
<mapper namespace="com.lygtenant.xp.repository.entities.LCAPUserRoleMappingMapper">
    <resultMap id="BaseResultMap" type="com.lygtenant.xp.domain.entities.LCAPUserRoleMapping">
        <id column="id" jdbcType="BIGINT" property="id" />
        <result column="createdTime" jdbcType="TIMESTAMP" property="createdTime" />
        <result column="updatedTime" jdbcType="TIMESTAMP" property="updatedTime" />
        <result column="createdBy" jdbcType="VARCHAR" property="createdBy" />
        <result column="updatedBy" jdbcType="VARCHAR" property="updatedBy" />
        <result column="userId" jdbcType="VARCHAR" property="userId" />
        <result column="roleId" jdbcType="BIGINT" property="roleId" />
        <result column="userName" jdbcType="VARCHAR" property="userName" />
        <result column="source" jdbcType="VARCHAR" property="source" />
    </resultMap>

    <!--
       ###################################################
       ######### mysql
       ###################################################
     -->
    <insert id="insert" parameterType="com.lygtenant.xp.domain.entities.LCAPUserRoleMapping"  >
        INSERT INTO `LCAPUserRoleMapping_5cda30` (
            `id`
            ,`createdTime`
            ,`updatedTime`
            ,`createdBy`
            ,`updatedBy`
            ,`userId`
            ,`roleId`
            ,`userName`
            ,`source`
        )
        VALUES (
            #{id,jdbcType=BIGINT}
            ,#{createdTime,jdbcType=TIMESTAMP}
            ,#{updatedTime,jdbcType=TIMESTAMP}
            ,#{createdBy,jdbcType=VARCHAR}
            ,#{updatedBy,jdbcType=VARCHAR}
            ,#{userId,jdbcType=VARCHAR}
            ,#{roleId,jdbcType=BIGINT}
            ,#{userName,jdbcType=VARCHAR}
            ,#{source,jdbcType=VARCHAR}
        )
    </insert>

    <insert id="batchInsert"  parameterType="java.util.List" >
        INSERT INTO `LCAPUserRoleMapping_5cda30` (
            `id`
            ,`createdTime`
            ,`updatedTime`
            ,`createdBy`
            ,`updatedBy`
            ,`userId`
            ,`roleId`
            ,`userName`
            ,`source`
        )
        VALUES
        <foreach collection="list" item="item" index="index" separator=",">
        (
            #{item.id,jdbcType=BIGINT}
            ,#{item.createdTime,jdbcType=TIMESTAMP}
            ,#{item.updatedTime,jdbcType=TIMESTAMP}
            ,#{item.createdBy,jdbcType=VARCHAR}
            ,#{item.updatedBy,jdbcType=VARCHAR}
            ,#{item.userId,jdbcType=VARCHAR}
            ,#{item.roleId,jdbcType=BIGINT}
            ,#{item.userName,jdbcType=VARCHAR}
            ,#{item.source,jdbcType=VARCHAR}
         )
        </foreach>
    </insert>

    <update id="update" parameterType="com.lygtenant.xp.domain.entities.LCAPUserRoleMapping" >
        UPDATE `LCAPUserRoleMapping_5cda30`
        <set>
            <if test="updateFields == null or updateFields.contains('createdTime')">`createdTime` = #{bean.createdTime,jdbcType=TIMESTAMP},</if>
            <if test="updateFields == null or updateFields.contains('updatedTime')">`updatedTime` = #{bean.updatedTime,jdbcType=TIMESTAMP},</if>
            <if test="updateFields == null or updateFields.contains('createdBy')">`createdBy` = #{bean.createdBy,jdbcType=VARCHAR},</if>
            <if test="updateFields == null or updateFields.contains('updatedBy')">`updatedBy` = #{bean.updatedBy,jdbcType=VARCHAR},</if>
            <if test="updateFields == null or updateFields.contains('userId')">`userId` = #{bean.userId,jdbcType=VARCHAR},</if>
            <if test="updateFields == null or updateFields.contains('roleId')">`roleId` = #{bean.roleId,jdbcType=BIGINT},</if>
            <if test="updateFields == null or updateFields.contains('userName')">`userName` = #{bean.userName,jdbcType=VARCHAR},</if>
            <if test="updateFields == null or updateFields.contains('source')">`source` = #{bean.source,jdbcType=VARCHAR},</if>
        </set>
        where `id` = #{bean.id}
    </update>

    <!-- todo -->
    <update id="batchUpdate" parameterType="com.lygtenant.xp.domain.entities.LCAPUserRoleMapping" >
        UPDATE `LCAPUserRoleMapping_5cda30`
        <set>
            <if test="updateFields == null or updateFields.contains('createdTime')">`createdTime` = #{bean.createdTime,jdbcType=TIMESTAMP},</if>
            <if test="updateFields == null or updateFields.contains('updatedTime')">`updatedTime` = #{bean.updatedTime,jdbcType=TIMESTAMP},</if>
            <if test="updateFields == null or updateFields.contains('createdBy')">`createdBy` = #{bean.createdBy,jdbcType=VARCHAR},</if>
            <if test="updateFields == null or updateFields.contains('updatedBy')">`updatedBy` = #{bean.updatedBy,jdbcType=VARCHAR},</if>
            <if test="updateFields == null or updateFields.contains('userId')">`userId` = #{bean.userId,jdbcType=VARCHAR},</if>
            <if test="updateFields == null or updateFields.contains('roleId')">`roleId` = #{bean.roleId,jdbcType=BIGINT},</if>
            <if test="updateFields == null or updateFields.contains('userName')">`userName` = #{bean.userName,jdbcType=VARCHAR},</if>
            <if test="updateFields == null or updateFields.contains('source')">`source` = #{bean.source,jdbcType=VARCHAR},</if>
        </set>
        where `id` = #{bean.id}
    </update>


    <delete id="delete" parameterType="java.lang.Long" >
        DELETE FROM `LCAPUserRoleMapping_5cda30` where `id` = #{id}
    </delete>


    <delete id="batchDelete" >
        DELETE FROM `LCAPUserRoleMapping_5cda30` where `id` in
        <foreach collection="list" item="pkValueItem" index="index"  separator="," open="(" close=")">
            #{pkValueItem}
        </foreach>
    </delete>

    <delete id="deleteReference">
        DELETE FROM `LCAPUserRoleMapping_5cda30`
        <where>
            <choose>
                <when test="property == 'id'">
                    AND `id` = #{value, jdbcType=BIGINT}
                </when>
                <when test="property == 'createdTime'">
                    AND `createdTime` = #{value, jdbcType=TIMESTAMP}
                </when>
                <when test="property == 'updatedTime'">
                    AND `updatedTime` = #{value, jdbcType=TIMESTAMP}
                </when>
                <when test="property == 'createdBy'">
                    AND `createdBy` = #{value, jdbcType=VARCHAR}
                </when>
                <when test="property == 'updatedBy'">
                    AND `updatedBy` = #{value, jdbcType=VARCHAR}
                </when>
                <when test="property == 'userId'">
                    AND `userId` = #{value, jdbcType=VARCHAR}
                </when>
                <when test="property == 'roleId'">
                    AND `roleId` = #{value, jdbcType=BIGINT}
                </when>
                <when test="property == 'userName'">
                    AND `userName` = #{value, jdbcType=VARCHAR}
                </when>
                <when test="property == 'source'">
                    AND `source` = #{value, jdbcType=VARCHAR}
                </when>
                <otherwise>
                    MUST BE ERROR
                </otherwise>
            </choose>
        </where>
    </delete>

    <select id="existReference" resultType="java.lang.Long" >
        select `id` from `LCAPUserRoleMapping_5cda30` 
        <where>
            <choose>
                <when test="property == 'id'">
                    AND `id` = #{value, jdbcType=BIGINT}
                </when>
                <when test="property == 'createdTime'">
                    AND `createdTime` = #{value, jdbcType=TIMESTAMP}
                </when>
                <when test="property == 'updatedTime'">
                    AND `updatedTime` = #{value, jdbcType=TIMESTAMP}
                </when>
                <when test="property == 'createdBy'">
                    AND `createdBy` = #{value, jdbcType=VARCHAR}
                </when>
                <when test="property == 'updatedBy'">
                    AND `updatedBy` = #{value, jdbcType=VARCHAR}
                </when>
                <when test="property == 'userId'">
                    AND `userId` = #{value, jdbcType=VARCHAR}
                </when>
                <when test="property == 'roleId'">
                    AND `roleId` = #{value, jdbcType=BIGINT}
                </when>
                <when test="property == 'userName'">
                    AND `userName` = #{value, jdbcType=VARCHAR}
                </when>
                <when test="property == 'source'">
                    AND `source` = #{value, jdbcType=VARCHAR}
                </when>
                <otherwise>
                    MUST BE ERROR
                </otherwise>
            </choose>
        </where>
         LIMIT 1
    </select>


    <select id="selectOne" resultMap="BaseResultMap" >
        select * from `LCAPUserRoleMapping_5cda30` where `id`=#{id}
    </select>

    <select id="selectList" parameterType="com.lygtenant.xp.service.dto.filters.AbstractQueryFilter" resultMap="BaseResultMap" >
        select * from `LCAPUserRoleMapping_5cda30`
        <where>
            ${filter.sql("mysql")}
        </where>
    </select>

    <select id="count" parameterType="com.lygtenant.xp.service.dto.filters.AbstractQueryFilter" resultType="java.lang.Integer" >
        select count(1) from `LCAPUserRoleMapping_5cda30`
        <where>
            ${filter.sql("mysql")}
        </where>
    </select>

    <insert id="createOrUpdate" parameterType="com.lygtenant.xp.domain.entities.LCAPUserRoleMapping">
        INSERT INTO `LCAPUserRoleMapping_5cda30` (
            `id`
            ,`createdTime`
            ,`updatedTime`
            ,`createdBy`
            ,`updatedBy`
            ,`userId`
            ,`roleId`
            ,`userName`
            ,`source`
        )
        VALUES (
            #{id,jdbcType=BIGINT}
            ,#{createdTime,jdbcType=TIMESTAMP}
            ,#{updatedTime,jdbcType=TIMESTAMP}
            ,#{createdBy,jdbcType=VARCHAR}
            ,#{updatedBy,jdbcType=VARCHAR}
            ,#{userId,jdbcType=VARCHAR}
            ,#{roleId,jdbcType=BIGINT}
            ,#{userName,jdbcType=VARCHAR}
            ,#{source,jdbcType=VARCHAR}
        )
    </insert>


    <update id="updateBy">
        UPDATE `LCAPUserRoleMapping_5cda30`
        <set>
        <if test="updateFields == null or updateFields.contains('createdTime')">`createdTime` = #{bean.createdTime,jdbcType=TIMESTAMP},</if>
        <if test="updateFields == null or updateFields.contains('updatedTime')">`updatedTime` = #{bean.updatedTime,jdbcType=TIMESTAMP},</if>
        <if test="updateFields == null or updateFields.contains('createdBy')">`createdBy` = #{bean.createdBy,jdbcType=VARCHAR},</if>
        <if test="updateFields == null or updateFields.contains('updatedBy')">`updatedBy` = #{bean.updatedBy,jdbcType=VARCHAR},</if>
        <if test="updateFields == null or updateFields.contains('userId')">`userId` = #{bean.userId,jdbcType=VARCHAR},</if>
        <if test="updateFields == null or updateFields.contains('roleId')">`roleId` = #{bean.roleId,jdbcType=BIGINT},</if>
        <if test="updateFields == null or updateFields.contains('userName')">`userName` = #{bean.userName,jdbcType=VARCHAR},</if>
        <if test="updateFields == null or updateFields.contains('source')">`source` = #{bean.source,jdbcType=VARCHAR},</if>
        </set>
        where ${filter.sql("mysql")}
    </update>

    <delete id="deleteBy" parameterType="com.lygtenant.xp.service.dto.filters.AbstractQueryFilter">
        DELETE FROM `LCAPUserRoleMapping_5cda30` where ${filter.sql("mysql")}
    </delete>
</mapper>