<?xml version="1.0" encoding="UTF-8"?>
<!DOCTYPE mapper PUBLIC "-//mybatis.org//DTD Mapper 3.0//EN" "http://mybatis.org/dtd/mybatis-3-mapper.dtd">
<!--
  automatically generated LCAPGetScopeResourceByRoleIdCustomizeService Mapper xml
-->
<mapper namespace="com.lygtenant.xp.repository.LCAPGetScopeResourceByRoleIdCustomizeServiceMapper">

    <resultMap id="AnonymousStructure_B676D945A9DD0D6FB27D68FFAC48D5EE" type="com.lygtenant.xp.domain.structure.anonymous.AnonymousStructure_CF51E2CA3BEA957FFEB6CEA32F96003B">
	<id column="T3_C1" property="lCAPRolePerMapping.id"/>
	<result column="T3_C2" property="lCAPRolePerMapping.createdTime"/>
	<result column="T3_C3" property="lCAPRolePerMapping.updatedTime"/>
	<result column="T3_C4" property="lCAPRolePerMapping.createdBy"/>
	<result column="T3_C5" property="lCAPRolePerMapping.updatedBy"/>
	<result column="T3_C6" property="lCAPRolePerMapping.roleId"/>
	<result column="T3_C7" property="lCAPRolePerMapping.permissionId"/>
	<result column="T4_C1" property="lCAPPerResMapping.id"/>
	<result column="T4_C2" property="lCAPPerResMapping.createdTime"/>
	<result column="T4_C3" property="lCAPPerResMapping.updatedTime"/>
	<result column="T4_C4" property="lCAPPerResMapping.createdBy"/>
	<result column="T4_C5" property="lCAPPerResMapping.updatedBy"/>
	<result column="T4_C6" property="lCAPPerResMapping.permissionId"/>
	<result column="T4_C7" property="lCAPPerResMapping.resourceId"/>
	<result column="T2_C1" property="lCAPResource.id"/>
	<result column="T2_C2" property="lCAPResource.createdTime"/>
	<result column="T2_C3" property="lCAPResource.updatedTime"/>
	<result column="T2_C4" property="lCAPResource.createdBy"/>
	<result column="T2_C5" property="lCAPResource.updatedBy"/>
	<result column="T2_C6" property="lCAPResource.uuid"/>
	<result column="T2_C7" property="lCAPResource.name"/>
	<result column="T2_C8" property="lCAPResource.description"/>
	<result column="T2_C9" property="lCAPResource.type"/>
	<result column="T2_C10" property="lCAPResource.clientType"/>
	<result column="T1_C1" property="lCAPPermission.id"/>
	<result column="T1_C2" property="lCAPPermission.createdTime"/>
	<result column="T1_C3" property="lCAPPermission.updatedTime"/>
	<result column="T1_C4" property="lCAPPermission.createdBy"/>
	<result column="T1_C5" property="lCAPPermission.updatedBy"/>
	<result column="T1_C6" property="lCAPPermission.uuid"/>
	<result column="T1_C7" property="lCAPPermission.name"/>
	<result column="T1_C8" property="lCAPPermission.description"/>
</resultMap>
<select id="getAnonymousStructure_B676D945A9DD0D6FB27D68FFAC48D5EE" resultMap="AnonymousStructure_B676D945A9DD0D6FB27D68FFAC48D5EE">
	 SELECT `LCAPRolePerMapping_5cda30`.`id` `T3_C1`,`LCAPRolePerMapping_5cda30`.`createdTime` `T3_C2`,`LCAPRolePerMapping_5cda30`.`updatedTime` `T3_C3`,`LCAPRolePerMapping_5cda30`.`createdBy` `T3_C4`,`LCAPRolePerMapping_5cda30`.`updatedBy` `T3_C5`,`LCAPRolePerMapping_5cda30`.`roleId` `T3_C6`,`LCAPRolePerMapping_5cda30`.`permissionId` `T3_C7`,`LCAPPermission_5cda30`.`id` `T1_C1`,`LCAPPermission_5cda30`.`createdTime` `T1_C2`,`LCAPPermission_5cda30`.`updatedTime` `T1_C3`,`LCAPPermission_5cda30`.`createdBy` `T1_C4`,`LCAPPermission_5cda30`.`updatedBy` `T1_C5`,`LCAPPermission_5cda30`.`uuid` `T1_C6`,`LCAPPermission_5cda30`.`name` `T1_C7`,`LCAPPermission_5cda30`.`description` `T1_C8`,`LCAPPerResMapping_5cda30`.`id` `T4_C1`,`LCAPPerResMapping_5cda30`.`createdTime` `T4_C2`,`LCAPPerResMapping_5cda30`.`updatedTime` `T4_C3`,`LCAPPerResMapping_5cda30`.`createdBy` `T4_C4`,`LCAPPerResMapping_5cda30`.`updatedBy` `T4_C5`,`LCAPPerResMapping_5cda30`.`permissionId` `T4_C6`,`LCAPPerResMapping_5cda30`.`resourceId` `T4_C7`,`LCAPResource_5cda30`.`id` `T2_C1`,`LCAPResource_5cda30`.`createdTime` `T2_C2`,`LCAPResource_5cda30`.`updatedTime` `T2_C3`,`LCAPResource_5cda30`.`createdBy` `T2_C4`,`LCAPResource_5cda30`.`updatedBy` `T2_C5`,`LCAPResource_5cda30`.`uuid` `T2_C6`,`LCAPResource_5cda30`.`name` `T2_C7`,`LCAPResource_5cda30`.`description` `T2_C8`,`LCAPResource_5cda30`.`type` `T2_C9`,`LCAPResource_5cda30`.`clientType` `T2_C10` FROM `LCAPRolePerMapping_5cda30` INNER JOIN `LCAPPermission_5cda30` ON `LCAPRolePerMapping_5cda30`.`permissionId` = `LCAPPermission_5cda30`.`id` INNER JOIN `LCAPPerResMapping_5cda30` ON `LCAPPermission_5cda30`.`id` = `LCAPPerResMapping_5cda30`.`permissionId` INNER JOIN `LCAPResource_5cda30` ON `LCAPPerResMapping_5cda30`.`resourceId` = `LCAPResource_5cda30`.`id` 
<if test=" roleId!=null and 1==1 ">
	
<trim prefix = "WHERE" prefixOverrides = "and |or">
	`LCAPRolePerMapping_5cda30`.`roleId` = #{roleId}
</trim>
</if> 
<if test=" 1==1 ">
	 LIMIT ${( 2000 * ( 1 - 1 ) )}, ${2000}
</if>
</select>
<select id="countAnonymousStructure_B676D945A9DD0D6FB27D68FFAC48D5EE" resultType="java.lang.Long">
	SELECT COUNT(*) FROM `LCAPRolePerMapping_5cda30` INNER JOIN `LCAPPermission_5cda30` ON `LCAPRolePerMapping_5cda30`.`permissionId` = `LCAPPermission_5cda30`.`id` INNER JOIN `LCAPPerResMapping_5cda30` ON `LCAPPermission_5cda30`.`id` = `LCAPPerResMapping_5cda30`.`permissionId` INNER JOIN `LCAPResource_5cda30` ON `LCAPPerResMapping_5cda30`.`resourceId` = `LCAPResource_5cda30`.`id` 
<if test=" roleId!=null and 1==1 ">
	
<trim prefix = "WHERE" prefixOverrides = "and |or">
	`LCAPRolePerMapping_5cda30`.`roleId` = #{roleId}
</trim>
</if>
</select>


</mapper>