<?xml version="1.0" encoding="UTF-8"?>
<!DOCTYPE mapper PUBLIC "-//mybatis.org//DTD Mapper 3.0//EN" "http://mybatis.org/dtd/mybatis-3-mapper.dtd">
<!--
  automatically generated LCAPLoadUserRoleMappingTableViewCustomizeService Mapper xml
-->
<mapper namespace="com.lygtenant.xp.repository.LCAPLoadUserRoleMappingTableViewCustomizeServiceMapper">

    <resultMap id="AnonymousStructure_A43B95DDE943F37E89AA74CCF8732C90" type="com.lygtenant.xp.domain.structure.anonymous.AnonymousStructure_99BA20F3093BB3AC3F3CA0BCA6D65EB8">
	<id column="T2_C1" property="lCAPUserRoleMapping.id"/>
	<result column="T1_C1" property="lCAPRole.id"/>
	<result column="T1_C2" property="lCAPRole.createdTime"/>
	<result column="T1_C3" property="lCAPRole.updatedTime"/>
	<result column="T1_C4" property="lCAPRole.createdBy"/>
	<result column="T1_C5" property="lCAPRole.updatedBy"/>
	<result column="T1_C6" property="lCAPRole.uuid"/>
	<result column="T1_C7" property="lCAPRole.name"/>
	<result column="T1_C8" property="lCAPRole.description"/>
	<result column="T1_C9" property="lCAPRole.roleStatus"/>
	<result column="T1_C10" property="lCAPRole.editable"/>
	<result column="T2_C2" property="lCAPUserRoleMapping.createdTime"/>
	<result column="T2_C3" property="lCAPUserRoleMapping.updatedTime"/>
	<result column="T2_C4" property="lCAPUserRoleMapping.createdBy"/>
	<result column="T2_C5" property="lCAPUserRoleMapping.updatedBy"/>
	<result column="T2_C6" property="lCAPUserRoleMapping.userId"/>
	<result column="T2_C7" property="lCAPUserRoleMapping.roleId"/>
	<result column="T2_C8" property="lCAPUserRoleMapping.userName"/>
	<result column="T2_C9" property="lCAPUserRoleMapping.source"/>
</resultMap>
<select id="getAnonymousStructure_A43B95DDE943F37E89AA74CCF8732C90" resultMap="AnonymousStructure_A43B95DDE943F37E89AA74CCF8732C90">
	 SELECT `LCAPUserRoleMapping_5cda30`.`id` `T2_C1`,`LCAPUserRoleMapping_5cda30`.`createdTime` `T2_C2`,`LCAPUserRoleMapping_5cda30`.`updatedTime` `T2_C3`,`LCAPUserRoleMapping_5cda30`.`createdBy` `T2_C4`,`LCAPUserRoleMapping_5cda30`.`updatedBy` `T2_C5`,`LCAPUserRoleMapping_5cda30`.`userId` `T2_C6`,`LCAPUserRoleMapping_5cda30`.`roleId` `T2_C7`,`LCAPUserRoleMapping_5cda30`.`userName` `T2_C8`,`LCAPUserRoleMapping_5cda30`.`source` `T2_C9`,`LCAPRole_5cda30`.`id` `T1_C1`,`LCAPRole_5cda30`.`createdTime` `T1_C2`,`LCAPRole_5cda30`.`updatedTime` `T1_C3`,`LCAPRole_5cda30`.`createdBy` `T1_C4`,`LCAPRole_5cda30`.`updatedBy` `T1_C5`,`LCAPRole_5cda30`.`uuid` `T1_C6`,`LCAPRole_5cda30`.`name` `T1_C7`,`LCAPRole_5cda30`.`description` `T1_C8`,`LCAPRole_5cda30`.`roleStatus` `T1_C9`,`LCAPRole_5cda30`.`editable` `T1_C10` FROM `LCAPUserRoleMapping_5cda30` LEFT JOIN `LCAPRole_5cda30` ON `LCAPUserRoleMapping_5cda30`.`roleId` = `LCAPRole_5cda30`.`id` 
<if test=" ( filter!=null and filter.userName!=null ) or 1==1 or ( filter!=null and filter.roleId!=null ) ">
	
<trim prefix = "WHERE" prefixOverrides = "and |or">
	
<if test=" 1==1 and ( filter!=null and filter.roleId!=null ) ">
	
<trim prefix="(" suffix=")" prefixOverrides="and |or">
	`LCAPUserRoleMapping_5cda30`.`roleId` = #{filter.roleId}
</trim>
</if> 
<if test=" ( filter!=null and filter.userName!=null ) and 1==1 ">
	
<trim prefix="and">
	
<trim prefix="(" suffix=")" prefixOverrides="and |or">
	`LCAPUserRoleMapping_5cda30`.`userName` LIKE concat('%', concat(#{filter.userName}, '%'))
</trim>
</trim>
</if>
</trim>
</if> 
<if test=" sort!=null ">
	
<trim prefix = "ORDER BY" suffixOverrides=",">
	
<if test=" sort!=null ">
	
<trim suffix=",">
	${sort} 
<if test=" order!=null ">
	${@com.lygtenant.xp.util.SqlInjectCheckUtil@checkAscOrDesc(order)}
</if>
</trim>
</if>
</trim>
</if> 
<if test=" size!=null and 1==1 and page!=null ">
	 LIMIT ${( size * ( page - 1 ) )}, ${size}
</if>
</select>
<select id="countAnonymousStructure_A43B95DDE943F37E89AA74CCF8732C90" resultType="java.lang.Long">
	SELECT COUNT(*) FROM `LCAPUserRoleMapping_5cda30` LEFT JOIN `LCAPRole_5cda30` ON `LCAPUserRoleMapping_5cda30`.`roleId` = `LCAPRole_5cda30`.`id` 
<if test=" ( filter!=null and filter.userName!=null ) or 1==1 or ( filter!=null and filter.roleId!=null ) ">
	
<trim prefix = "WHERE" prefixOverrides = "and |or">
	
<if test=" 1==1 and ( filter!=null and filter.roleId!=null ) ">
	
<trim prefix="(" suffix=")" prefixOverrides="and |or">
	`LCAPUserRoleMapping_5cda30`.`roleId` = #{filter.roleId}
</trim>
</if> 
<if test=" ( filter!=null and filter.userName!=null ) and 1==1 ">
	
<trim prefix="and">
	
<trim prefix="(" suffix=")" prefixOverrides="and |or">
	`LCAPUserRoleMapping_5cda30`.`userName` LIKE concat('%', concat(#{filter.userName}, '%'))
</trim>
</trim>
</if>
</trim>
</if>
</select>


</mapper>