<?xml version="1.0" encoding="UTF-8"?>
<!DOCTYPE mapper PUBLIC "-//mybatis.org//DTD Mapper 3.0//EN" "http://mybatis.org/dtd/mybatis-3-mapper.dtd">
<!--
  automatically generated LCAPGetUserTableViewCustomizeService Mapper xml
-->
<mapper namespace="com.lygtenant.xp.repository.LCAPGetUserTableViewCustomizeServiceMapper">

    <resultMap id="AnonymousStructure_90BB04F104917B26166C550B4A1B0632" type="com.lygtenant.xp.domain.structure.anonymous.AnonymousStructure_47C167E7217746A55100F50A57F637C0">
	<id column="T1_C1" property="lCAPUser.id"/>
	<result column="T1_C2" property="lCAPUser.createdTime"/>
	<result column="T1_C3" property="lCAPUser.updatedTime"/>
	<result column="T1_C4" property="lCAPUser.userId"/>
	<result column="T1_C5" property="lCAPUser.userName"/>
	<result column="T1_C6" property="lCAPUser.password"/>
	<result column="T1_C7" property="lCAPUser.phone"/>
	<result column="T1_C8" property="lCAPUser.email"/>
	<result column="T1_C9" property="lCAPUser.displayName"/>
	<result column="T1_C10" property="lCAPUser.status"/>
	<result column="T1_C11" property="lCAPUser.source"/>
</resultMap>
<select id="getAnonymousStructure_90BB04F104917B26166C550B4A1B0632" resultMap="AnonymousStructure_90BB04F104917B26166C550B4A1B0632">
	 SELECT `LCAPUser_5cda30`.`id` `T1_C1`,`LCAPUser_5cda30`.`createdTime` `T1_C2`,`LCAPUser_5cda30`.`updatedTime` `T1_C3`,`LCAPUser_5cda30`.`userId` `T1_C4`,`LCAPUser_5cda30`.`userName` `T1_C5`,`LCAPUser_5cda30`.`password` `T1_C6`,`LCAPUser_5cda30`.`phone` `T1_C7`,`LCAPUser_5cda30`.`email` `T1_C8`,`LCAPUser_5cda30`.`displayName` `T1_C9`,`LCAPUser_5cda30`.`status` `T1_C10`,`LCAPUser_5cda30`.`source` `T1_C11` FROM `LCAPUser_5cda30` 
<if test=" ( filter!=null and filter.userName!=null ) or 1==1 ">
	
<trim prefix = "WHERE" prefixOverrides = "and |or">
	
<if test=" ( filter!=null and filter.userName!=null ) and 1==1 ">
	
<trim prefix="(" suffix=")" prefixOverrides="and |or">
	`LCAPUser_5cda30`.`userName` LIKE concat('%', concat(#{filter.userName}, '%'))
</trim>
</if> 
<if test=" ( filter!=null and filter.userName!=null ) and 1==1 ">
	
<trim prefix="or">
	
<trim prefix="(" suffix=")" prefixOverrides="and |or">
	`LCAPUser_5cda30`.`displayName` LIKE concat('%', concat(#{filter.userName}, '%'))
</trim>
</trim>
</if>
</trim>
</if> 
<if test=" sort!=null ">
	
<trim prefix = "ORDER BY" suffixOverrides=",">
	
<if test=" sort!=null ">
	
<trim suffix=",">
	${sort} 
<if test=" order!=null ">
	${@com.lygtenant.xp.util.SqlInjectCheckUtil@checkAscOrDesc(order)}
</if>
</trim>
</if>
</trim>
</if> 
<if test=" size!=null and 1==1 and page!=null ">
	 LIMIT ${( size * ( page - 1 ) )}, ${size}
</if>
</select>
<select id="countAnonymousStructure_90BB04F104917B26166C550B4A1B0632" resultType="java.lang.Long">
	SELECT COUNT(*) FROM `LCAPUser_5cda30` 
<if test=" ( filter!=null and filter.userName!=null ) or 1==1 ">
	
<trim prefix = "WHERE" prefixOverrides = "and |or">
	
<if test=" ( filter!=null and filter.userName!=null ) and 1==1 ">
	
<trim prefix="(" suffix=")" prefixOverrides="and |or">
	`LCAPUser_5cda30`.`userName` LIKE concat('%', concat(#{filter.userName}, '%'))
</trim>
</if> 
<if test=" ( filter!=null and filter.userName!=null ) and 1==1 ">
	
<trim prefix="or">
	
<trim prefix="(" suffix=")" prefixOverrides="and |or">
	`LCAPUser_5cda30`.`displayName` LIKE concat('%', concat(#{filter.userName}, '%'))
</trim>
</trim>
</if>
</trim>
</if>
</select>


</mapper>