<?xml version="1.0" encoding="UTF-8"?>
<!DOCTYPE mapper PUBLIC "-//mybatis.org//DTD Mapper 3.0//EN" "http://mybatis.org/dtd/mybatis-3-mapper.dtd">
<!--
  automatically generated LCAPGetPermissionByRoleIdCustomizeService Mapper xml
-->
<mapper namespace="com.lygtenant.xp.repository.LCAPGetPermissionByRoleIdCustomizeServiceMapper">

    <resultMap id="AnonymousStructure_1406A78D88BEF361C3C93B65A4E2AB5A" type="com.lygtenant.xp.domain.structure.anonymous.AnonymousStructure_1C8D1250B6DC21B85363C7974FAD68BD">
	<id column="T1_C1" property="lCAPRolePerMapping.id"/>
	<result column="T1_C2" property="lCAPRolePerMapping.createdTime"/>
	<result column="T1_C3" property="lCAPRolePerMapping.updatedTime"/>
	<result column="T1_C4" property="lCAPRolePerMapping.createdBy"/>
	<result column="T1_C5" property="lCAPRolePerMapping.updatedBy"/>
	<result column="T1_C6" property="lCAPRolePerMapping.roleId"/>
	<result column="T1_C7" property="lCAPRolePerMapping.permissionId"/>
</resultMap>
<select id="getAnonymousStructure_1406A78D88BEF361C3C93B65A4E2AB5A" resultMap="AnonymousStructure_1406A78D88BEF361C3C93B65A4E2AB5A">
	 SELECT `LCAPRolePerMapping_5cda30`.`id` `T1_C1`,`LCAPRolePerMapping_5cda30`.`createdTime` `T1_C2`,`LCAPRolePerMapping_5cda30`.`updatedTime` `T1_C3`,`LCAPRolePerMapping_5cda30`.`createdBy` `T1_C4`,`LCAPRolePerMapping_5cda30`.`updatedBy` `T1_C5`,`LCAPRolePerMapping_5cda30`.`roleId` `T1_C6`,`LCAPRolePerMapping_5cda30`.`permissionId` `T1_C7` FROM `LCAPRolePerMapping_5cda30` 
<if test=" roleId!=null and 1==1 ">
	
<trim prefix = "WHERE" prefixOverrides = "and |or">
	`LCAPRolePerMapping_5cda30`.`roleId` = #{roleId}
</trim>
</if> 
<if test=" 1==1 ">
	 LIMIT ${( 2000 * ( 1 - 1 ) )}, ${2000}
</if>
</select>
<select id="countAnonymousStructure_1406A78D88BEF361C3C93B65A4E2AB5A" resultType="java.lang.Long">
	SELECT COUNT(*) FROM `LCAPRolePerMapping_5cda30` 
<if test=" roleId!=null and 1==1 ">
	
<trim prefix = "WHERE" prefixOverrides = "and |or">
	`LCAPRolePerMapping_5cda30`.`roleId` = #{roleId}
</trim>
</if>
</select>


</mapper>