<?xml version="1.0" encoding="UTF-8"?>
<!DOCTYPE mapper PUBLIC "-//mybatis.org//DTD Mapper 3.0//EN" "http://mybatis.org/dtd/mybatis-3-mapper.dtd">
<!--
  automatically generated LCAPGetRolePermissionListCustomizeService Mapper xml
-->
<mapper namespace="com.lygtenant.xp.repository.LCAPGetRolePermissionListCustomizeServiceMapper">

    <resultMap id="AnonymousStructure_0136396D558BF391361EA94F4EF87419" type="com.lygtenant.xp.domain.structure.anonymous.AnonymousStructure_9D03344DB7AB35A991C54E50A80AE1F9">
	<id column="T2_C1" property="lCAPRolePerMapping.id"/>
	<result column="T2_C2" property="lCAPRolePerMapping.createdTime"/>
	<result column="T2_C3" property="lCAPRolePerMapping.updatedTime"/>
	<result column="T2_C4" property="lCAPRolePerMapping.createdBy"/>
	<result column="T2_C5" property="lCAPRolePerMapping.updatedBy"/>
	<result column="T2_C6" property="lCAPRolePerMapping.roleId"/>
	<result column="T2_C7" property="lCAPRolePerMapping.permissionId"/>
	<result column="T1_C1" property="lCAPPermission.id"/>
	<result column="T1_C2" property="lCAPPermission.createdTime"/>
	<result column="T1_C3" property="lCAPPermission.updatedTime"/>
	<result column="T1_C4" property="lCAPPermission.createdBy"/>
	<result column="T1_C5" property="lCAPPermission.updatedBy"/>
	<result column="T1_C6" property="lCAPPermission.uuid"/>
	<result column="T1_C7" property="lCAPPermission.name"/>
	<result column="T1_C8" property="lCAPPermission.description"/>
</resultMap>
<select id="getAnonymousStructure_0136396D558BF391361EA94F4EF87419" resultMap="AnonymousStructure_0136396D558BF391361EA94F4EF87419">
	 SELECT `LCAPRolePerMapping_5cda30`.`id` `T2_C1`,`LCAPRolePerMapping_5cda30`.`createdTime` `T2_C2`,`LCAPRolePerMapping_5cda30`.`updatedTime` `T2_C3`,`LCAPRolePerMapping_5cda30`.`createdBy` `T2_C4`,`LCAPRolePerMapping_5cda30`.`updatedBy` `T2_C5`,`LCAPRolePerMapping_5cda30`.`roleId` `T2_C6`,`LCAPRolePerMapping_5cda30`.`permissionId` `T2_C7`,`LCAPPermission_5cda30`.`id` `T1_C1`,`LCAPPermission_5cda30`.`createdTime` `T1_C2`,`LCAPPermission_5cda30`.`updatedTime` `T1_C3`,`LCAPPermission_5cda30`.`createdBy` `T1_C4`,`LCAPPermission_5cda30`.`updatedBy` `T1_C5`,`LCAPPermission_5cda30`.`uuid` `T1_C6`,`LCAPPermission_5cda30`.`name` `T1_C7`,`LCAPPermission_5cda30`.`description` `T1_C8` FROM `LCAPRolePerMapping_5cda30` INNER JOIN `LCAPPermission_5cda30` ON `LCAPRolePerMapping_5cda30`.`permissionId` = `LCAPPermission_5cda30`.`id` 
<if test=" 1==1 and inputRoleId!=null ">
	
<trim prefix = "WHERE" prefixOverrides = "and |or">
	`LCAPRolePerMapping_5cda30`.`roleId` = #{inputRoleId}
</trim>
</if> 
<if test=" 1==1 ">
	 LIMIT ${( 2000 * ( 1 - 1 ) )}, ${2000}
</if>
</select>
<select id="countAnonymousStructure_0136396D558BF391361EA94F4EF87419" resultType="java.lang.Long">
	SELECT COUNT(*) FROM `LCAPRolePerMapping_5cda30` INNER JOIN `LCAPPermission_5cda30` ON `LCAPRolePerMapping_5cda30`.`permissionId` = `LCAPPermission_5cda30`.`id` 
<if test=" 1==1 and inputRoleId!=null ">
	
<trim prefix = "WHERE" prefixOverrides = "and |or">
	`LCAPRolePerMapping_5cda30`.`roleId` = #{inputRoleId}
</trim>
</if>
</select>


</mapper>