<?xml version="1.0" encoding="UTF-8"?>
<!DOCTYPE mapper PUBLIC "-//mybatis.org//DTD Mapper 3.0//EN" "http://mybatis.org/dtd/mybatis-3-mapper.dtd">
<!--
  automatically generated LCAPRole Mapper xml
-->
<mapper namespace="com.lygtenant.xp.repository.entities.LCAPRoleMapper">
    <resultMap id="BaseResultMap" type="com.lygtenant.xp.domain.entities.LCAPRole">
        <id column="id" jdbcType="BIGINT" property="id" />
        <result column="createdTime" jdbcType="TIMESTAMP" property="createdTime" />
        <result column="updatedTime" jdbcType="TIMESTAMP" property="updatedTime" />
        <result column="createdBy" jdbcType="VARCHAR" property="createdBy" />
        <result column="updatedBy" jdbcType="VARCHAR" property="updatedBy" />
        <result column="uuid" jdbcType="VARCHAR" property="uuid" />
        <result column="name" jdbcType="VARCHAR" property="name" />
        <result column="description" jdbcType="VARCHAR" property="description" />
        <result column="roleStatus" jdbcType="TINYINT" property="roleStatus" />
        <result column="editable" jdbcType="TINYINT" property="editable" />
    </resultMap>

    <!--
       ###################################################
       ######### mysql
       ###################################################
     -->
    <insert id="insert" parameterType="com.lygtenant.xp.domain.entities.LCAPRole"  >
        INSERT INTO `LCAPRole_5cda30` (
            `id`
            ,`createdTime`
            ,`updatedTime`
            ,`createdBy`
            ,`updatedBy`
            ,`uuid`
            ,`name`
            ,`description`
            ,`roleStatus`
            ,`editable`
        )
        VALUES (
            #{id,jdbcType=BIGINT}
            ,#{createdTime,jdbcType=TIMESTAMP}
            ,#{updatedTime,jdbcType=TIMESTAMP}
            ,#{createdBy,jdbcType=VARCHAR}
            ,#{updatedBy,jdbcType=VARCHAR}
            ,#{uuid,jdbcType=VARCHAR}
            ,#{name,jdbcType=VARCHAR}
            ,#{description,jdbcType=VARCHAR}
            ,#{roleStatus,jdbcType=TINYINT}
            ,#{editable,jdbcType=TINYINT}
        )
    </insert>

    <insert id="batchInsert"  parameterType="java.util.List" >
        INSERT INTO `LCAPRole_5cda30` (
            `id`
            ,`createdTime`
            ,`updatedTime`
            ,`createdBy`
            ,`updatedBy`
            ,`uuid`
            ,`name`
            ,`description`
            ,`roleStatus`
            ,`editable`
        )
        VALUES
        <foreach collection="list" item="item" index="index" separator=",">
        (
            #{item.id,jdbcType=BIGINT}
            ,#{item.createdTime,jdbcType=TIMESTAMP}
            ,#{item.updatedTime,jdbcType=TIMESTAMP}
            ,#{item.createdBy,jdbcType=VARCHAR}
            ,#{item.updatedBy,jdbcType=VARCHAR}
            ,#{item.uuid,jdbcType=VARCHAR}
            ,#{item.name,jdbcType=VARCHAR}
            ,#{item.description,jdbcType=VARCHAR}
            ,#{item.roleStatus,jdbcType=TINYINT}
            ,#{item.editable,jdbcType=TINYINT}
         )
        </foreach>
    </insert>

    <update id="update" parameterType="com.lygtenant.xp.domain.entities.LCAPRole" >
        UPDATE `LCAPRole_5cda30`
        <set>
            <if test="updateFields == null or updateFields.contains('createdTime')">`createdTime` = #{bean.createdTime,jdbcType=TIMESTAMP},</if>
            <if test="updateFields == null or updateFields.contains('updatedTime')">`updatedTime` = #{bean.updatedTime,jdbcType=TIMESTAMP},</if>
            <if test="updateFields == null or updateFields.contains('createdBy')">`createdBy` = #{bean.createdBy,jdbcType=VARCHAR},</if>
            <if test="updateFields == null or updateFields.contains('updatedBy')">`updatedBy` = #{bean.updatedBy,jdbcType=VARCHAR},</if>
            <if test="updateFields == null or updateFields.contains('uuid')">`uuid` = #{bean.uuid,jdbcType=VARCHAR},</if>
            <if test="updateFields == null or updateFields.contains('name')">`name` = #{bean.name,jdbcType=VARCHAR},</if>
            <if test="updateFields == null or updateFields.contains('description')">`description` = #{bean.description,jdbcType=VARCHAR},</if>
            <if test="updateFields == null or updateFields.contains('roleStatus')">`roleStatus` = #{bean.roleStatus,jdbcType=TINYINT},</if>
            <if test="updateFields == null or updateFields.contains('editable')">`editable` = #{bean.editable,jdbcType=TINYINT},</if>
        </set>
        where `id` = #{bean.id}
    </update>

    <!-- todo -->
    <update id="batchUpdate" parameterType="com.lygtenant.xp.domain.entities.LCAPRole" >
        UPDATE `LCAPRole_5cda30`
        <set>
            <if test="updateFields == null or updateFields.contains('createdTime')">`createdTime` = #{bean.createdTime,jdbcType=TIMESTAMP},</if>
            <if test="updateFields == null or updateFields.contains('updatedTime')">`updatedTime` = #{bean.updatedTime,jdbcType=TIMESTAMP},</if>
            <if test="updateFields == null or updateFields.contains('createdBy')">`createdBy` = #{bean.createdBy,jdbcType=VARCHAR},</if>
            <if test="updateFields == null or updateFields.contains('updatedBy')">`updatedBy` = #{bean.updatedBy,jdbcType=VARCHAR},</if>
            <if test="updateFields == null or updateFields.contains('uuid')">`uuid` = #{bean.uuid,jdbcType=VARCHAR},</if>
            <if test="updateFields == null or updateFields.contains('name')">`name` = #{bean.name,jdbcType=VARCHAR},</if>
            <if test="updateFields == null or updateFields.contains('description')">`description` = #{bean.description,jdbcType=VARCHAR},</if>
            <if test="updateFields == null or updateFields.contains('roleStatus')">`roleStatus` = #{bean.roleStatus,jdbcType=TINYINT},</if>
            <if test="updateFields == null or updateFields.contains('editable')">`editable` = #{bean.editable,jdbcType=TINYINT},</if>
        </set>
        where `id` = #{bean.id}
    </update>


    <delete id="delete" parameterType="java.lang.Long" >
        DELETE FROM `LCAPRole_5cda30` where `id` = #{id}
    </delete>


    <delete id="batchDelete" >
        DELETE FROM `LCAPRole_5cda30` where `id` in
        <foreach collection="list" item="pkValueItem" index="index"  separator="," open="(" close=")">
            #{pkValueItem}
        </foreach>
    </delete>

    <delete id="deleteReference">
        DELETE FROM `LCAPRole_5cda30`
        <where>
            <choose>
                <when test="property == 'id'">
                    AND `id` = #{value, jdbcType=BIGINT}
                </when>
                <when test="property == 'createdTime'">
                    AND `createdTime` = #{value, jdbcType=TIMESTAMP}
                </when>
                <when test="property == 'updatedTime'">
                    AND `updatedTime` = #{value, jdbcType=TIMESTAMP}
                </when>
                <when test="property == 'createdBy'">
                    AND `createdBy` = #{value, jdbcType=VARCHAR}
                </when>
                <when test="property == 'updatedBy'">
                    AND `updatedBy` = #{value, jdbcType=VARCHAR}
                </when>
                <when test="property == 'uuid'">
                    AND `uuid` = #{value, jdbcType=VARCHAR}
                </when>
                <when test="property == 'name'">
                    AND `name` = #{value, jdbcType=VARCHAR}
                </when>
                <when test="property == 'description'">
                    AND `description` = #{value, jdbcType=VARCHAR}
                </when>
                <when test="property == 'roleStatus'">
                    AND `roleStatus` = #{value, jdbcType=TINYINT}
                </when>
                <when test="property == 'editable'">
                    AND `editable` = #{value, jdbcType=TINYINT}
                </when>
                <otherwise>
                    MUST BE ERROR
                </otherwise>
            </choose>
        </where>
    </delete>

    <select id="existReference" resultType="java.lang.Long" >
        select `id` from `LCAPRole_5cda30` 
        <where>
            <choose>
                <when test="property == 'id'">
                    AND `id` = #{value, jdbcType=BIGINT}
                </when>
                <when test="property == 'createdTime'">
                    AND `createdTime` = #{value, jdbcType=TIMESTAMP}
                </when>
                <when test="property == 'updatedTime'">
                    AND `updatedTime` = #{value, jdbcType=TIMESTAMP}
                </when>
                <when test="property == 'createdBy'">
                    AND `createdBy` = #{value, jdbcType=VARCHAR}
                </when>
                <when test="property == 'updatedBy'">
                    AND `updatedBy` = #{value, jdbcType=VARCHAR}
                </when>
                <when test="property == 'uuid'">
                    AND `uuid` = #{value, jdbcType=VARCHAR}
                </when>
                <when test="property == 'name'">
                    AND `name` = #{value, jdbcType=VARCHAR}
                </when>
                <when test="property == 'description'">
                    AND `description` = #{value, jdbcType=VARCHAR}
                </when>
                <when test="property == 'roleStatus'">
                    AND `roleStatus` = #{value, jdbcType=TINYINT}
                </when>
                <when test="property == 'editable'">
                    AND `editable` = #{value, jdbcType=TINYINT}
                </when>
                <otherwise>
                    MUST BE ERROR
                </otherwise>
            </choose>
        </where>
         LIMIT 1
    </select>


    <select id="selectOne" resultMap="BaseResultMap" >
        select * from `LCAPRole_5cda30` where `id`=#{id}
    </select>

    <select id="selectList" parameterType="com.lygtenant.xp.service.dto.filters.AbstractQueryFilter" resultMap="BaseResultMap" >
        select * from `LCAPRole_5cda30`
        <where>
            ${filter.sql("mysql")}
        </where>
    </select>

    <select id="count" parameterType="com.lygtenant.xp.service.dto.filters.AbstractQueryFilter" resultType="java.lang.Integer" >
        select count(1) from `LCAPRole_5cda30`
        <where>
            ${filter.sql("mysql")}
        </where>
    </select>

    <insert id="createOrUpdate" parameterType="com.lygtenant.xp.domain.entities.LCAPRole">
        INSERT INTO `LCAPRole_5cda30` (
            `id`
            ,`createdTime`
            ,`updatedTime`
            ,`createdBy`
            ,`updatedBy`
            ,`uuid`
            ,`name`
            ,`description`
            ,`roleStatus`
            ,`editable`
        )
        VALUES (
            #{id,jdbcType=BIGINT}
            ,#{createdTime,jdbcType=TIMESTAMP}
            ,#{updatedTime,jdbcType=TIMESTAMP}
            ,#{createdBy,jdbcType=VARCHAR}
            ,#{updatedBy,jdbcType=VARCHAR}
            ,#{uuid,jdbcType=VARCHAR}
            ,#{name,jdbcType=VARCHAR}
            ,#{description,jdbcType=VARCHAR}
            ,#{roleStatus,jdbcType=TINYINT}
            ,#{editable,jdbcType=TINYINT}
        )
    </insert>


    <update id="updateBy">
        UPDATE `LCAPRole_5cda30`
        <set>
        <if test="updateFields == null or updateFields.contains('createdTime')">`createdTime` = #{bean.createdTime,jdbcType=TIMESTAMP},</if>
        <if test="updateFields == null or updateFields.contains('updatedTime')">`updatedTime` = #{bean.updatedTime,jdbcType=TIMESTAMP},</if>
        <if test="updateFields == null or updateFields.contains('createdBy')">`createdBy` = #{bean.createdBy,jdbcType=VARCHAR},</if>
        <if test="updateFields == null or updateFields.contains('updatedBy')">`updatedBy` = #{bean.updatedBy,jdbcType=VARCHAR},</if>
        <if test="updateFields == null or updateFields.contains('uuid')">`uuid` = #{bean.uuid,jdbcType=VARCHAR},</if>
        <if test="updateFields == null or updateFields.contains('name')">`name` = #{bean.name,jdbcType=VARCHAR},</if>
        <if test="updateFields == null or updateFields.contains('description')">`description` = #{bean.description,jdbcType=VARCHAR},</if>
        <if test="updateFields == null or updateFields.contains('roleStatus')">`roleStatus` = #{bean.roleStatus,jdbcType=TINYINT},</if>
        <if test="updateFields == null or updateFields.contains('editable')">`editable` = #{bean.editable,jdbcType=TINYINT},</if>
        </set>
        where ${filter.sql("mysql")}
    </update>

    <delete id="deleteBy" parameterType="com.lygtenant.xp.service.dto.filters.AbstractQueryFilter">
        DELETE FROM `LCAPRole_5cda30` where ${filter.sql("mysql")}
    </delete>
</mapper>