<?xml version="1.0" encoding="UTF-8"?>
<!DOCTYPE mapper PUBLIC "-//mybatis.org//DTD Mapper 3.0//EN" "http://mybatis.org/dtd/mybatis-3-mapper.dtd">
<!--
  automatically generated LCAPGetRoleBindUserListCustomizeService Mapper xml
-->
<mapper namespace="com.lygtenant.xp.repository.LCAPGetRoleBindUserListCustomizeServiceMapper">

    <resultMap id="AnonymousStructure_53DE9B8001DA9BE446985BA45040CA18" type="com.lygtenant.xp.domain.structure.anonymous.AnonymousStructure_E69C6A05AFC359D00B28F67D0E02C8E5">
	<id column="T1_C1" property="lCAPUserRoleMapping.id"/>
	<result column="T1_C2" property="lCAPUserRoleMapping.createdTime"/>
	<result column="T1_C3" property="lCAPUserRoleMapping.updatedTime"/>
	<result column="T1_C4" property="lCAPUserRoleMapping.createdBy"/>
	<result column="T1_C5" property="lCAPUserRoleMapping.updatedBy"/>
	<result column="T1_C6" property="lCAPUserRoleMapping.userId"/>
	<result column="T1_C7" property="lCAPUserRoleMapping.roleId"/>
	<result column="T1_C8" property="lCAPUserRoleMapping.userName"/>
	<result column="T1_C9" property="lCAPUserRoleMapping.source"/>
</resultMap>
<select id="getAnonymousStructure_53DE9B8001DA9BE446985BA45040CA18" resultMap="AnonymousStructure_53DE9B8001DA9BE446985BA45040CA18">
	 SELECT `LCAPUserRoleMapping_5cda30`.`id` `T1_C1`,`LCAPUserRoleMapping_5cda30`.`createdTime` `T1_C2`,`LCAPUserRoleMapping_5cda30`.`updatedTime` `T1_C3`,`LCAPUserRoleMapping_5cda30`.`createdBy` `T1_C4`,`LCAPUserRoleMapping_5cda30`.`updatedBy` `T1_C5`,`LCAPUserRoleMapping_5cda30`.`userId` `T1_C6`,`LCAPUserRoleMapping_5cda30`.`roleId` `T1_C7`,`LCAPUserRoleMapping_5cda30`.`userName` `T1_C8`,`LCAPUserRoleMapping_5cda30`.`source` `T1_C9` FROM `LCAPUserRoleMapping_5cda30` 
<if test=" 1==1 and inputRoleId!=null ">
	
<trim prefix = "WHERE" prefixOverrides = "and |or">
	`LCAPUserRoleMapping_5cda30`.`roleId` = #{inputRoleId}
</trim>
</if> 
<if test=" 1==1 ">
	 LIMIT ${( 2000 * ( 1 - 1 ) )}, ${2000}
</if>
</select>
<select id="countAnonymousStructure_53DE9B8001DA9BE446985BA45040CA18" resultType="java.lang.Long">
	SELECT COUNT(*) FROM `LCAPUserRoleMapping_5cda30` 
<if test=" 1==1 and inputRoleId!=null ">
	
<trim prefix = "WHERE" prefixOverrides = "and |or">
	`LCAPUserRoleMapping_5cda30`.`roleId` = #{inputRoleId}
</trim>
</if>
</select>


</mapper>