<?xml version="1.0" encoding="UTF-8"?>
<!DOCTYPE mapper PUBLIC "-//mybatis.org//DTD Mapper 3.0//EN" "http://mybatis.org/dtd/mybatis-3-mapper.dtd">
<!--
  automatically generated LCAPGetUserResourcesCustomizeService Mapper xml
-->
<mapper namespace="com.lygtenant.xp.repository.LCAPGetUserResourcesCustomizeServiceMapper">

    <resultMap id="AnonymousStructure_FA75F69B8BA9C34178F71FC536D2D824" type="com.lygtenant.xp.domain.structure.anonymous.AnonymousStructure_B202841ADEE061731D68863F55003B0E">
	<id column="T1_C1" property="lCAPUserRoleMapping.id"/>
	<result column="T3_C1" property="lCAPRolePerMapping.id"/>
	<result column="T3_C2" property="lCAPRolePerMapping.createdTime"/>
	<result column="T3_C3" property="lCAPRolePerMapping.updatedTime"/>
	<result column="T3_C4" property="lCAPRolePerMapping.createdBy"/>
	<result column="T3_C5" property="lCAPRolePerMapping.updatedBy"/>
	<result column="T3_C6" property="lCAPRolePerMapping.roleId"/>
	<result column="T3_C7" property="lCAPRolePerMapping.permissionId"/>
	<result column="T1_C2" property="lCAPUserRoleMapping.createdTime"/>
	<result column="T1_C3" property="lCAPUserRoleMapping.updatedTime"/>
	<result column="T1_C4" property="lCAPUserRoleMapping.createdBy"/>
	<result column="T1_C5" property="lCAPUserRoleMapping.updatedBy"/>
	<result column="T1_C6" property="lCAPUserRoleMapping.userId"/>
	<result column="T1_C7" property="lCAPUserRoleMapping.roleId"/>
	<result column="T1_C8" property="lCAPUserRoleMapping.userName"/>
	<result column="T1_C9" property="lCAPUserRoleMapping.source"/>
	<result column="T4_C1" property="lCAPPerResMapping.id"/>
	<result column="T4_C2" property="lCAPPerResMapping.createdTime"/>
	<result column="T4_C3" property="lCAPPerResMapping.updatedTime"/>
	<result column="T4_C4" property="lCAPPerResMapping.createdBy"/>
	<result column="T4_C5" property="lCAPPerResMapping.updatedBy"/>
	<result column="T4_C6" property="lCAPPerResMapping.permissionId"/>
	<result column="T4_C7" property="lCAPPerResMapping.resourceId"/>
	<result column="T2_C1" property="lCAPResource.id"/>
	<result column="T2_C2" property="lCAPResource.createdTime"/>
	<result column="T2_C3" property="lCAPResource.updatedTime"/>
	<result column="T2_C4" property="lCAPResource.createdBy"/>
	<result column="T2_C5" property="lCAPResource.updatedBy"/>
	<result column="T2_C6" property="lCAPResource.uuid"/>
	<result column="T2_C7" property="lCAPResource.name"/>
	<result column="T2_C8" property="lCAPResource.description"/>
	<result column="T2_C9" property="lCAPResource.type"/>
	<result column="T2_C10" property="lCAPResource.clientType"/>
</resultMap>
<select id="getAnonymousStructure_FA75F69B8BA9C34178F71FC536D2D824" resultMap="AnonymousStructure_FA75F69B8BA9C34178F71FC536D2D824">
	 SELECT `LCAPUserRoleMapping_5cda30`.`id` `T1_C1`,`LCAPUserRoleMapping_5cda30`.`createdTime` `T1_C2`,`LCAPUserRoleMapping_5cda30`.`updatedTime` `T1_C3`,`LCAPUserRoleMapping_5cda30`.`createdBy` `T1_C4`,`LCAPUserRoleMapping_5cda30`.`updatedBy` `T1_C5`,`LCAPUserRoleMapping_5cda30`.`userId` `T1_C6`,`LCAPUserRoleMapping_5cda30`.`roleId` `T1_C7`,`LCAPUserRoleMapping_5cda30`.`userName` `T1_C8`,`LCAPUserRoleMapping_5cda30`.`source` `T1_C9`,`LCAPRolePerMapping_5cda30`.`id` `T3_C1`,`LCAPRolePerMapping_5cda30`.`createdTime` `T3_C2`,`LCAPRolePerMapping_5cda30`.`updatedTime` `T3_C3`,`LCAPRolePerMapping_5cda30`.`createdBy` `T3_C4`,`LCAPRolePerMapping_5cda30`.`updatedBy` `T3_C5`,`LCAPRolePerMapping_5cda30`.`roleId` `T3_C6`,`LCAPRolePerMapping_5cda30`.`permissionId` `T3_C7`,`LCAPPerResMapping_5cda30`.`id` `T4_C1`,`LCAPPerResMapping_5cda30`.`createdTime` `T4_C2`,`LCAPPerResMapping_5cda30`.`updatedTime` `T4_C3`,`LCAPPerResMapping_5cda30`.`createdBy` `T4_C4`,`LCAPPerResMapping_5cda30`.`updatedBy` `T4_C5`,`LCAPPerResMapping_5cda30`.`permissionId` `T4_C6`,`LCAPPerResMapping_5cda30`.`resourceId` `T4_C7`,`LCAPResource_5cda30`.`id` `T2_C1`,`LCAPResource_5cda30`.`createdTime` `T2_C2`,`LCAPResource_5cda30`.`updatedTime` `T2_C3`,`LCAPResource_5cda30`.`createdBy` `T2_C4`,`LCAPResource_5cda30`.`updatedBy` `T2_C5`,`LCAPResource_5cda30`.`uuid` `T2_C6`,`LCAPResource_5cda30`.`name` `T2_C7`,`LCAPResource_5cda30`.`description` `T2_C8`,`LCAPResource_5cda30`.`type` `T2_C9`,`LCAPResource_5cda30`.`clientType` `T2_C10` FROM `LCAPUserRoleMapping_5cda30` INNER JOIN `LCAPRolePerMapping_5cda30` ON `LCAPUserRoleMapping_5cda30`.`roleId` = `LCAPRolePerMapping_5cda30`.`roleId` INNER JOIN `LCAPPerResMapping_5cda30` ON `LCAPRolePerMapping_5cda30`.`permissionId` = `LCAPPerResMapping_5cda30`.`permissionId` INNER JOIN `LCAPResource_5cda30` ON `LCAPPerResMapping_5cda30`.`resourceId` = `LCAPResource_5cda30`.`id` 
<if test=" 1==1 and userId!=null ">
	
<trim prefix = "WHERE" prefixOverrides = "and |or">
	`LCAPUserRoleMapping_5cda30`.`userId` = #{userId}
</trim>
</if> 
<if test=" 1==1 ">
	 LIMIT ${( 2000 * ( 1 - 1 ) )}, ${2000}
</if>
</select>
<select id="countAnonymousStructure_FA75F69B8BA9C34178F71FC536D2D824" resultType="java.lang.Long">
	SELECT COUNT(*) FROM `LCAPUserRoleMapping_5cda30` INNER JOIN `LCAPRolePerMapping_5cda30` ON `LCAPUserRoleMapping_5cda30`.`roleId` = `LCAPRolePerMapping_5cda30`.`roleId` INNER JOIN `LCAPPerResMapping_5cda30` ON `LCAPRolePerMapping_5cda30`.`permissionId` = `LCAPPerResMapping_5cda30`.`permissionId` INNER JOIN `LCAPResource_5cda30` ON `LCAPPerResMapping_5cda30`.`resourceId` = `LCAPResource_5cda30`.`id` 
<if test=" 1==1 and userId!=null ">
	
<trim prefix = "WHERE" prefixOverrides = "and |or">
	`LCAPUserRoleMapping_5cda30`.`userId` = #{userId}
</trim>
</if>
</select>


</mapper>