<?xml version="1.0" encoding="UTF-8"?>
<!DOCTYPE mapper PUBLIC "-//mybatis.org//DTD Mapper 3.0//EN" "http://mybatis.org/dtd/mybatis-3-mapper.dtd">
<!--
  automatically generated LCAPGetMappingByPermissionIdAndResourceIdCustomizeService Mapper xml
-->
<mapper namespace="com.lygtenant.xp.repository.LCAPGetMappingByPermissionIdAndResourceIdCustomizeServiceMapper">

    <resultMap id="AnonymousStructure_38593AA815D055EA90DAB07FE4542F93" type="com.lygtenant.xp.domain.structure.anonymous.AnonymousStructure_D99966CE0A06FAAEEADD3A36C43F7DFF">
	<id column="T1_C1" property="lCAPPerResMapping.id"/>
	<result column="T1_C2" property="lCAPPerResMapping.createdTime"/>
	<result column="T1_C3" property="lCAPPerResMapping.updatedTime"/>
	<result column="T1_C4" property="lCAPPerResMapping.createdBy"/>
	<result column="T1_C5" property="lCAPPerResMapping.updatedBy"/>
	<result column="T1_C6" property="lCAPPerResMapping.permissionId"/>
	<result column="T1_C7" property="lCAPPerResMapping.resourceId"/>
</resultMap>
<select id="getAnonymousStructure_38593AA815D055EA90DAB07FE4542F93" resultMap="AnonymousStructure_38593AA815D055EA90DAB07FE4542F93">
	 SELECT `LCAPPerResMapping_5cda30`.`id` `T1_C1`,`LCAPPerResMapping_5cda30`.`createdTime` `T1_C2`,`LCAPPerResMapping_5cda30`.`updatedTime` `T1_C3`,`LCAPPerResMapping_5cda30`.`createdBy` `T1_C4`,`LCAPPerResMapping_5cda30`.`updatedBy` `T1_C5`,`LCAPPerResMapping_5cda30`.`permissionId` `T1_C6`,`LCAPPerResMapping_5cda30`.`resourceId` `T1_C7` FROM `LCAPPerResMapping_5cda30` 
<if test=" permissionId!=null or resourceId!=null or 1==1 ">
	
<trim prefix = "WHERE" prefixOverrides = "and |or">
	
<if test=" permissionId!=null and 1==1 ">
	
<trim prefix="(" suffix=")" prefixOverrides="and |or">
	`LCAPPerResMapping_5cda30`.`permissionId` = #{permissionId}
</trim>
</if> 
<if test=" resourceId!=null and 1==1 ">
	
<trim prefix="and">
	
<trim prefix="(" suffix=")" prefixOverrides="and |or">
	`LCAPPerResMapping_5cda30`.`resourceId` = #{resourceId}
</trim>
</trim>
</if>
</trim>
</if> 
<if test=" 1==1 ">
	 LIMIT ${( 2000 * ( 1 - 1 ) )}, ${2000}
</if>
</select>
<select id="countAnonymousStructure_38593AA815D055EA90DAB07FE4542F93" resultType="java.lang.Long">
	SELECT COUNT(*) FROM `LCAPPerResMapping_5cda30` 
<if test=" permissionId!=null or resourceId!=null or 1==1 ">
	
<trim prefix = "WHERE" prefixOverrides = "and |or">
	
<if test=" permissionId!=null and 1==1 ">
	
<trim prefix="(" suffix=")" prefixOverrides="and |or">
	`LCAPPerResMapping_5cda30`.`permissionId` = #{permissionId}
</trim>
</if> 
<if test=" resourceId!=null and 1==1 ">
	
<trim prefix="and">
	
<trim prefix="(" suffix=")" prefixOverrides="and |or">
	`LCAPPerResMapping_5cda30`.`resourceId` = #{resourceId}
</trim>
</trim>
</if>
</trim>
</if>
</select>


</mapper>