<?xml version="1.0" encoding="UTF-8"?>
<!DOCTYPE mapper PUBLIC "-//mybatis.org//DTD Mapper 3.0//EN" "http://mybatis.org/dtd/mybatis-3-mapper.dtd">
<!--
  automatically generated LCAPLoadResourceTableViewCustomizeService Mapper xml
-->
<mapper namespace="com.lygtenant.xp.repository.LCAPLoadResourceTableViewCustomizeServiceMapper">

    <resultMap id="AnonymousStructure_D8CB63E646D19A8E127BF2A118560F92" type="com.lygtenant.xp.domain.structure.anonymous.AnonymousStructure_EA050579F163467B7D2FD3E8C15362AF">
	<id column="T1_C1" property="lCAPResource.id"/>
	<result column="T1_C2" property="lCAPResource.createdTime"/>
	<result column="T1_C3" property="lCAPResource.updatedTime"/>
	<result column="T1_C4" property="lCAPResource.createdBy"/>
	<result column="T1_C5" property="lCAPResource.updatedBy"/>
	<result column="T1_C6" property="lCAPResource.uuid"/>
	<result column="T1_C7" property="lCAPResource.name"/>
	<result column="T1_C8" property="lCAPResource.description"/>
	<result column="T1_C9" property="lCAPResource.type"/>
	<result column="T1_C10" property="lCAPResource.clientType"/>
</resultMap>
<select id="getAnonymousStructure_D8CB63E646D19A8E127BF2A118560F92" resultMap="AnonymousStructure_D8CB63E646D19A8E127BF2A118560F92">
	 SELECT `LCAPResource_5cda30`.`id` `T1_C1`,`LCAPResource_5cda30`.`createdTime` `T1_C2`,`LCAPResource_5cda30`.`updatedTime` `T1_C3`,`LCAPResource_5cda30`.`createdBy` `T1_C4`,`LCAPResource_5cda30`.`updatedBy` `T1_C5`,`LCAPResource_5cda30`.`uuid` `T1_C6`,`LCAPResource_5cda30`.`name` `T1_C7`,`LCAPResource_5cda30`.`description` `T1_C8`,`LCAPResource_5cda30`.`type` `T1_C9`,`LCAPResource_5cda30`.`clientType` `T1_C10` FROM `LCAPResource_5cda30` 
<if test=" sort!=null ">
	
<trim prefix = "ORDER BY" suffixOverrides=",">
	
<if test=" sort!=null ">
	
<trim suffix=",">
	${sort} 
<if test=" order!=null ">
	${@com.lygtenant.xp.util.SqlInjectCheckUtil@checkAscOrDesc(order)}
</if>
</trim>
</if>
</trim>
</if> 
<if test=" size!=null and 1==1 and page!=null ">
	 LIMIT ${( size * ( page - 1 ) )}, ${size}
</if>
</select>
<select id="countAnonymousStructure_D8CB63E646D19A8E127BF2A118560F92" resultType="java.lang.Long">
	SELECT COUNT(*) FROM `LCAPResource_5cda30` 
</select>


</mapper>