<?xml version="1.0" encoding="UTF-8"?>
<!DOCTYPE mapper PUBLIC "-//mybatis.org//DTD Mapper 3.0//EN" "http://mybatis.org/dtd/mybatis-3-mapper.dtd">
<!--
  automatically generated LCAPIsRoleNameRepeatedCustomizeService Mapper xml
-->
<mapper namespace="com.lygtenant.xp.repository.LCAPIsRoleNameRepeatedCustomizeServiceMapper">

    <resultMap id="AnonymousStructure_CAC5152BAE2C91DD609E3DFEE343ACC6" type="com.lygtenant.xp.domain.structure.anonymous.AnonymousStructure_70791B893F53C2EFB9E501591763B020">
	<id column="T1_C1" property="lCAPRole.id"/>
	<result column="T1_C2" property="lCAPRole.createdTime"/>
	<result column="T1_C3" property="lCAPRole.updatedTime"/>
	<result column="T1_C4" property="lCAPRole.createdBy"/>
	<result column="T1_C5" property="lCAPRole.updatedBy"/>
	<result column="T1_C6" property="lCAPRole.uuid"/>
	<result column="T1_C7" property="lCAPRole.name"/>
	<result column="T1_C8" property="lCAPRole.description"/>
	<result column="T1_C9" property="lCAPRole.roleStatus"/>
	<result column="T1_C10" property="lCAPRole.editable"/>
</resultMap>
<select id="getAnonymousStructure_CAC5152BAE2C91DD609E3DFEE343ACC6" resultMap="AnonymousStructure_CAC5152BAE2C91DD609E3DFEE343ACC6">
	 SELECT `LCAPRole_5cda30`.`id` `T1_C1`,`LCAPRole_5cda30`.`createdTime` `T1_C2`,`LCAPRole_5cda30`.`updatedTime` `T1_C3`,`LCAPRole_5cda30`.`createdBy` `T1_C4`,`LCAPRole_5cda30`.`updatedBy` `T1_C5`,`LCAPRole_5cda30`.`uuid` `T1_C6`,`LCAPRole_5cda30`.`name` `T1_C7`,`LCAPRole_5cda30`.`description` `T1_C8`,`LCAPRole_5cda30`.`roleStatus` `T1_C9`,`LCAPRole_5cda30`.`editable` `T1_C10` FROM `LCAPRole_5cda30` 
<if test=" 1==1 and roleName!=null ">
	
<trim prefix = "WHERE" prefixOverrides = "and |or">
	`LCAPRole_5cda30`.`name` = #{roleName}
</trim>
</if> 
<if test=" 1==1 ">
	 LIMIT ${( 2000 * ( 1 - 1 ) )}, ${2000}
</if>
</select>
<select id="countAnonymousStructure_CAC5152BAE2C91DD609E3DFEE343ACC6" resultType="java.lang.Long">
	SELECT COUNT(*) FROM `LCAPRole_5cda30` 
<if test=" 1==1 and roleName!=null ">
	
<trim prefix = "WHERE" prefixOverrides = "and |or">
	`LCAPRole_5cda30`.`name` = #{roleName}
</trim>
</if>
</select>


</mapper>