<?xml version="1.0" encoding="UTF-8"?>
<!DOCTYPE mapper PUBLIC "-//mybatis.org//DTD Mapper 3.0//EN" "http://mybatis.org/dtd/mybatis-3-mapper.dtd">
<!--
  automatically generated LoadProListTableViewCustomizeService Mapper xml
-->
<mapper namespace="com.lygtenant.xp.repository.LoadProListTableViewCustomizeServiceMapper">

    <resultMap id="AnonymousStructure_ACD87413417B1A11921E715AD49CA519" type="com.lygtenant.xp.domain.structure.anonymous.AnonymousStructure_6DB3F852BF31DD04134E1C424F48EEE2">
	<id column="T1_C1" property="proSpecification.id"/>
	<result column="T1_C2" property="proSpecification.createdTime"/>
	<result column="T1_C3" property="proSpecification.updatedTime"/>
	<result column="T1_C4" property="proSpecification.createdBy"/>
	<result column="T1_C5" property="proSpecification.updatedBy"/>
	<result column="T1_C6" property="proSpecification.proID"/>
	<result column="T1_C7" property="proSpecification.size1"/>
	<result column="T1_C8" property="proSpecification.size2"/>
	<result column="T1_C9" property="proSpecification.quantity"/>
	<result column="T1_C10" property="proSpecification.discount"/>
	<result column="T1_C11" property="proSpecification.sellingPrice"/>
	<result column="T1_C12" property="proSpecification.channel"/>
	<result column="T1_C13" property="proSpecification.supplyPrice"/>
	<result column="T1_C14" property="proSpecification.selling"/>
	<result column="T1_C15" property="proSpecification.commodityCode"/>
	<result column="T2_C1" property="product.id"/>
	<result column="T2_C2" property="product.createdTime"/>
	<result column="T2_C3" property="product.updatedTime"/>
	<result column="T2_C4" property="product.createdBy"/>
	<result column="T2_C5" property="product.updatedBy"/>
	<result column="T2_C6" property="product.productCode"/>
	<result column="T2_C7" property="product.brand"/>
	<result column="T2_C8" property="product.sellingPrice"/>
	<result column="T2_C9" property="product.quantity"/>
	<result column="T2_C10" property="product.type"/>
	<result column="T2_C11" property="product.type2"/>
	<result column="T2_C12" property="product.type3"/>
	<result column="T2_C13" property="product.sex"/>
	<result column="T2_C14" property="product.season"/>
	<result column="T2_C15" property="product.discount"/>
	<result column="T2_C16" property="product.rate"/>
	<result column="T2_C17" property="product.salesRanking"/>
	<result column="T2_C18" property="product.proName"/>
</resultMap>
<select id="getAnonymousStructure_ACD87413417B1A11921E715AD49CA519" resultMap="AnonymousStructure_ACD87413417B1A11921E715AD49CA519">
	 SELECT `ProSpecification`.`id` `T1_C1`,`ProSpecification`.`createdTime` `T1_C2`,`ProSpecification`.`updatedTime` `T1_C3`,`ProSpecification`.`createdBy` `T1_C4`,`ProSpecification`.`updatedBy` `T1_C5`,`ProSpecification`.`proID` `T1_C6`,`ProSpecification`.`size1` `T1_C7`,`ProSpecification`.`size2` `T1_C8`,`ProSpecification`.`quantity` `T1_C9`,`ProSpecification`.`discount` `T1_C10`,`ProSpecification`.`sellingPrice` `T1_C11`,`ProSpecification`.`channel` `T1_C12`,`ProSpecification`.`supplyPrice` `T1_C13`,`ProSpecification`.`selling` `T1_C14`,`ProSpecification`.`commodityCode` `T1_C15`,`Product`.`id` `T2_C1`,`Product`.`createdTime` `T2_C2`,`Product`.`updatedTime` `T2_C3`,`Product`.`createdBy` `T2_C4`,`Product`.`updatedBy` `T2_C5`,`Product`.`productCode` `T2_C6`,`Product`.`brand` `T2_C7`,`Product`.`sellingPrice` `T2_C8`,`Product`.`quantity` `T2_C9`,`Product`.`type` `T2_C10`,`Product`.`type2` `T2_C11`,`Product`.`type3` `T2_C12`,`Product`.`sex` `T2_C13`,`Product`.`season` `T2_C14`,`Product`.`discount` `T2_C15`,`Product`.`rate` `T2_C16`,`Product`.`salesRanking` `T2_C17`,`Product`.`proName` `T2_C18` FROM `ProSpecification` LEFT JOIN `Product` ON `ProSpecification`.`proID` = `Product`.`id` 
<if test=" 1==1 and proId!=null ">
	
<trim prefix = "WHERE" prefixOverrides = "and |or">
	`ProSpecification`.`proID` = #{proId}
</trim>
</if> 
<if test=" sort!=null ">
	
<trim prefix = "ORDER BY" suffixOverrides=",">
	
<if test=" sort!=null ">
	
<trim suffix=",">
	${sort} 
<if test=" order!=null ">
	${@com.lygtenant.xp.util.SqlInjectCheckUtil@checkAscOrDesc(order)}
</if>
</trim>
</if>
</trim>
</if> 
<if test=" size!=null and 1==1 and page!=null ">
	 LIMIT ${( size * ( page - 1 ) )}, ${size}
</if>
</select>
<select id="countAnonymousStructure_ACD87413417B1A11921E715AD49CA519" resultType="java.lang.Long">
	SELECT COUNT(*) FROM `ProSpecification` LEFT JOIN `Product` ON `ProSpecification`.`proID` = `Product`.`id` 
<if test=" 1==1 and proId!=null ">
	
<trim prefix = "WHERE" prefixOverrides = "and |or">
	`ProSpecification`.`proID` = #{proId}
</trim>
</if>
</select>


</mapper>