<?xml version="1.0" encoding="UTF-8"?>
<!DOCTYPE mapper PUBLIC "-//mybatis.org//DTD Mapper 3.0//EN" "http://mybatis.org/dtd/mybatis-3-mapper.dtd">
<!--
  automatically generated LoadProductListTableViewCustomizeService Mapper xml
-->
<mapper namespace="com.lygtenant.xp.repository.LoadProductListTableViewCustomizeServiceMapper">

    <resultMap id="AnonymousStructure_D973E5D521E557621AB6C7C329CD488F" type="com.lygtenant.xp.domain.structure.anonymous.AnonymousStructure_9ECE35F6B2A89475F87BB2D49DE0DDB8">
	<id column="T1_C1" property="product.id"/>
	<result column="T1_C2" property="product.createdTime"/>
	<result column="T1_C3" property="product.updatedTime"/>
	<result column="T1_C4" property="product.createdBy"/>
	<result column="T1_C5" property="product.updatedBy"/>
	<result column="T1_C6" property="product.productCode"/>
	<result column="T1_C7" property="product.brand"/>
	<result column="T1_C8" property="product.sellingPrice"/>
	<result column="T1_C9" property="product.quantity"/>
	<result column="T1_C10" property="product.type"/>
	<result column="T1_C11" property="product.type2"/>
	<result column="T1_C12" property="product.type3"/>
	<result column="T1_C13" property="product.sex"/>
	<result column="T1_C14" property="product.season"/>
	<result column="T1_C15" property="product.discount"/>
	<result column="T1_C16" property="product.rate"/>
	<result column="T1_C17" property="product.salesRanking"/>
	<result column="T1_C18" property="product.proName"/>
</resultMap>
<select id="getAnonymousStructure_D973E5D521E557621AB6C7C329CD488F" resultMap="AnonymousStructure_D973E5D521E557621AB6C7C329CD488F">
	 SELECT `Product`.`id` `T1_C1`,`Product`.`createdTime` `T1_C2`,`Product`.`updatedTime` `T1_C3`,`Product`.`createdBy` `T1_C4`,`Product`.`updatedBy` `T1_C5`,`Product`.`productCode` `T1_C6`,`Product`.`brand` `T1_C7`,`Product`.`sellingPrice` `T1_C8`,`Product`.`quantity` `T1_C9`,`Product`.`type` `T1_C10`,`Product`.`type2` `T1_C11`,`Product`.`type3` `T1_C12`,`Product`.`sex` `T1_C13`,`Product`.`season` `T1_C14`,`Product`.`discount` `T1_C15`,`Product`.`rate` `T1_C16`,`Product`.`salesRanking` `T1_C17`,`Product`.`proName` `T1_C18` FROM `Product` 
<if test=" ( filter!=null and filter.productCode!=null ) or ( filter!=null and filter.type!=null ) or 1==1 or ( filter!=null and filter.rate!=null ) or ( filter!=null and filter.brand!=null ) or ( filter!=null and filter.type2!=null ) or ( filter!=null and filter.type3!=null ) or ( filter!=null and filter.sex!=null ) ">
	
<trim prefix = "WHERE" prefixOverrides = "and |or">
	
<if test=" ( filter!=null and filter.productCode!=null ) or 1==1 or ( filter!=null and filter.brand!=null ) or ( filter!=null and filter.sex!=null ) ">
	
<trim prefix="(" suffix=")" prefixOverrides="and |or">
	
<if test=" ( filter!=null and filter.productCode!=null ) or 1==1 ">
	
<trim prefix="(" suffix=")" prefixOverrides="and |or">
	
<if test=" ( filter!=null and filter.productCode!=null ) and 1==1 ">
	
<trim prefix="(" suffix=")" prefixOverrides="and |or">
	`Product`.`productCode` LIKE concat('%', concat(#{filter.productCode}, '%'))
</trim>
</if> 
<if test=" ( filter!=null and filter.productCode!=null ) and 1==1 ">
	
<trim prefix="or">
	
<trim prefix="(" suffix=")" prefixOverrides="and |or">
	`Product`.`proName` LIKE concat('%', concat(#{filter.productCode}, '%'))
</trim>
</trim>
</if>
</trim>
</if> 
<if test=" 1==1 or ( filter!=null and filter.brand!=null ) or ( filter!=null and filter.sex!=null ) ">
	
<trim prefix="and">
	
<trim prefix="(" suffix=")" prefixOverrides="and |or">
	
<if test=" 1==1 and ( filter!=null and filter.brand!=null ) ">
	
<trim prefix="(" suffix=")" prefixOverrides="and |or">
	`Product`.`brand` LIKE concat('%', concat(#{filter.brand}, '%'))
</trim>
</if> 
<if test=" 1==1 and ( filter!=null and filter.sex!=null ) ">
	
<trim prefix="and">
	
<trim prefix="(" suffix=")" prefixOverrides="and |or">
	`Product`.`sex` LIKE concat('%', concat(#{filter.sex}, '%'))
</trim>
</trim>
</if>
</trim>
</trim>
</if>
</trim>
</if> 
<if test=" ( filter!=null and filter.type!=null ) or 1==1 or ( filter!=null and filter.rate!=null ) or ( filter!=null and filter.type2!=null ) or ( filter!=null and filter.type3!=null ) ">
	
<trim prefix="and">
	
<trim prefix="(" suffix=")" prefixOverrides="and |or">
	
<if test=" ( filter!=null and filter.type!=null ) or 1==1 or ( filter!=null and filter.type2!=null ) ">
	
<trim prefix="(" suffix=")" prefixOverrides="and |or">
	
<if test=" ( filter!=null and filter.type!=null ) and 1==1 ">
	
<trim prefix="(" suffix=")" prefixOverrides="and |or">
	`Product`.`type` LIKE concat('%', concat(#{filter.type}, '%'))
</trim>
</if> 
<if test=" 1==1 and ( filter!=null and filter.type2!=null ) ">
	
<trim prefix="and">
	
<trim prefix="(" suffix=")" prefixOverrides="and |or">
	`Product`.`type2` LIKE concat('%', concat(#{filter.type2}, '%'))
</trim>
</trim>
</if>
</trim>
</if> 
<if test=" 1==1 or ( filter!=null and filter.rate!=null ) or ( filter!=null and filter.type3!=null ) ">
	
<trim prefix="and">
	
<trim prefix="(" suffix=")" prefixOverrides="and |or">
	
<if test=" 1==1 and ( filter!=null and filter.type3!=null ) ">
	
<trim prefix="(" suffix=")" prefixOverrides="and |or">
	`Product`.`type3` LIKE concat('%', concat(#{filter.type3}, '%'))
</trim>
</if> 
<if test=" 1==1 and ( filter!=null and filter.rate!=null ) ">
	
<trim prefix="and">
	
<trim prefix="(" suffix=")" prefixOverrides="and |or">
	`Product`.`rate` = #{filter.rate}
</trim>
</trim>
</if>
</trim>
</trim>
</if>
</trim>
</trim>
</if>
</trim>
</if> 
<if test=" sort!=null ">
	
<trim prefix = "ORDER BY" suffixOverrides=",">
	
<if test=" sort!=null ">
	
<trim suffix=",">
	${sort} 
<if test=" order!=null ">
	${@com.lygtenant.xp.util.SqlInjectCheckUtil@checkAscOrDesc(order)}
</if>
</trim>
</if>
</trim>
</if> 
<if test=" size!=null and 1==1 and page!=null ">
	 LIMIT ${( size * ( page - 1 ) )}, ${size}
</if>
</select>
<select id="countAnonymousStructure_D973E5D521E557621AB6C7C329CD488F" resultType="java.lang.Long">
	SELECT COUNT(*) FROM `Product` 
<if test=" ( filter!=null and filter.productCode!=null ) or ( filter!=null and filter.type!=null ) or 1==1 or ( filter!=null and filter.rate!=null ) or ( filter!=null and filter.brand!=null ) or ( filter!=null and filter.type2!=null ) or ( filter!=null and filter.type3!=null ) or ( filter!=null and filter.sex!=null ) ">
	
<trim prefix = "WHERE" prefixOverrides = "and |or">
	
<if test=" ( filter!=null and filter.productCode!=null ) or 1==1 or ( filter!=null and filter.brand!=null ) or ( filter!=null and filter.sex!=null ) ">
	
<trim prefix="(" suffix=")" prefixOverrides="and |or">
	
<if test=" ( filter!=null and filter.productCode!=null ) or 1==1 ">
	
<trim prefix="(" suffix=")" prefixOverrides="and |or">
	
<if test=" ( filter!=null and filter.productCode!=null ) and 1==1 ">
	
<trim prefix="(" suffix=")" prefixOverrides="and |or">
	`Product`.`productCode` LIKE concat('%', concat(#{filter.productCode}, '%'))
</trim>
</if> 
<if test=" ( filter!=null and filter.productCode!=null ) and 1==1 ">
	
<trim prefix="or">
	
<trim prefix="(" suffix=")" prefixOverrides="and |or">
	`Product`.`proName` LIKE concat('%', concat(#{filter.productCode}, '%'))
</trim>
</trim>
</if>
</trim>
</if> 
<if test=" 1==1 or ( filter!=null and filter.brand!=null ) or ( filter!=null and filter.sex!=null ) ">
	
<trim prefix="and">
	
<trim prefix="(" suffix=")" prefixOverrides="and |or">
	
<if test=" 1==1 and ( filter!=null and filter.brand!=null ) ">
	
<trim prefix="(" suffix=")" prefixOverrides="and |or">
	`Product`.`brand` LIKE concat('%', concat(#{filter.brand}, '%'))
</trim>
</if> 
<if test=" 1==1 and ( filter!=null and filter.sex!=null ) ">
	
<trim prefix="and">
	
<trim prefix="(" suffix=")" prefixOverrides="and |or">
	`Product`.`sex` LIKE concat('%', concat(#{filter.sex}, '%'))
</trim>
</trim>
</if>
</trim>
</trim>
</if>
</trim>
</if> 
<if test=" ( filter!=null and filter.type!=null ) or 1==1 or ( filter!=null and filter.rate!=null ) or ( filter!=null and filter.type2!=null ) or ( filter!=null and filter.type3!=null ) ">
	
<trim prefix="and">
	
<trim prefix="(" suffix=")" prefixOverrides="and |or">
	
<if test=" ( filter!=null and filter.type!=null ) or 1==1 or ( filter!=null and filter.type2!=null ) ">
	
<trim prefix="(" suffix=")" prefixOverrides="and |or">
	
<if test=" ( filter!=null and filter.type!=null ) and 1==1 ">
	
<trim prefix="(" suffix=")" prefixOverrides="and |or">
	`Product`.`type` LIKE concat('%', concat(#{filter.type}, '%'))
</trim>
</if> 
<if test=" 1==1 and ( filter!=null and filter.type2!=null ) ">
	
<trim prefix="and">
	
<trim prefix="(" suffix=")" prefixOverrides="and |or">
	`Product`.`type2` LIKE concat('%', concat(#{filter.type2}, '%'))
</trim>
</trim>
</if>
</trim>
</if> 
<if test=" 1==1 or ( filter!=null and filter.rate!=null ) or ( filter!=null and filter.type3!=null ) ">
	
<trim prefix="and">
	
<trim prefix="(" suffix=")" prefixOverrides="and |or">
	
<if test=" 1==1 and ( filter!=null and filter.type3!=null ) ">
	
<trim prefix="(" suffix=")" prefixOverrides="and |or">
	`Product`.`type3` LIKE concat('%', concat(#{filter.type3}, '%'))
</trim>
</if> 
<if test=" 1==1 and ( filter!=null and filter.rate!=null ) ">
	
<trim prefix="and">
	
<trim prefix="(" suffix=")" prefixOverrides="and |or">
	`Product`.`rate` = #{filter.rate}
</trim>
</trim>
</if>
</trim>
</trim>
</if>
</trim>
</trim>
</if>
</trim>
</if>
</select>


</mapper>