<?xml version="1.0" encoding="UTF-8"?>
<!DOCTYPE mapper PUBLIC "-//mybatis.org//DTD Mapper 3.0//EN" "http://mybatis.org/dtd/mybatis-3-mapper.dtd">
<!--
  automatically generated Logic4CustomizeService Mapper xml
-->
<mapper namespace="com.lygtenant.xp.repository.Logic4CustomizeServiceMapper">

    <resultMap id="AnonymousStructure_D973E5D521E557621AB6C7C329CD488F" type="com.lygtenant.xp.domain.structure.anonymous.AnonymousStructure_9ECE35F6B2A89475F87BB2D49DE0DDB8">
	<id column="T1_C1" property="product.id"/>
	<result column="T1_C2" property="product.createdTime"/>
	<result column="T1_C3" property="product.updatedTime"/>
	<result column="T1_C4" property="product.createdBy"/>
	<result column="T1_C5" property="product.updatedBy"/>
	<result column="T1_C6" property="product.productCode"/>
	<result column="T1_C7" property="product.brand"/>
	<result column="T1_C8" property="product.sellingPrice"/>
	<result column="T1_C9" property="product.quantity"/>
	<result column="T1_C10" property="product.type"/>
	<result column="T1_C11" property="product.type2"/>
	<result column="T1_C12" property="product.type3"/>
	<result column="T1_C13" property="product.sex"/>
	<result column="T1_C14" property="product.season"/>
	<result column="T1_C15" property="product.discount"/>
	<result column="T1_C16" property="product.rate"/>
	<result column="T1_C17" property="product.salesRanking"/>
	<result column="T1_C18" property="product.proName"/>
</resultMap>
<select id="getAnonymousStructure_D973E5D521E557621AB6C7C329CD488F" resultMap="AnonymousStructure_D973E5D521E557621AB6C7C329CD488F">
	 SELECT `Product`.`id` `T1_C1`,`Product`.`createdTime` `T1_C2`,`Product`.`updatedTime` `T1_C3`,`Product`.`createdBy` `T1_C4`,`Product`.`updatedBy` `T1_C5`,`Product`.`productCode` `T1_C6`,`Product`.`brand` `T1_C7`,`Product`.`sellingPrice` `T1_C8`,`Product`.`quantity` `T1_C9`,`Product`.`type` `T1_C10`,`Product`.`type2` `T1_C11`,`Product`.`type3` `T1_C12`,`Product`.`sex` `T1_C13`,`Product`.`season` `T1_C14`,`Product`.`discount` `T1_C15`,`Product`.`rate` `T1_C16`,`Product`.`salesRanking` `T1_C17`,`Product`.`proName` `T1_C18` FROM `Product` 
<if test=" proCode!=null and 1==1 ">
	
<trim prefix = "WHERE" prefixOverrides = "and |or">
	`Product`.`productCode` = #{proCode}
</trim>
</if> 
<if test=" 1==1 ">
	 LIMIT ${( 1000 * ( 1 - 1 ) )}, ${1000}
</if>
</select>
<select id="countAnonymousStructure_D973E5D521E557621AB6C7C329CD488F" resultType="java.lang.Long">
	SELECT COUNT(*) FROM `Product` 
<if test=" proCode!=null and 1==1 ">
	
<trim prefix = "WHERE" prefixOverrides = "and |or">
	`Product`.`productCode` = #{proCode}
</trim>
</if>
</select>


</mapper>