<?xml version="1.0" encoding="UTF-8"?>
<!DOCTYPE mapper PUBLIC "-//mybatis.org//DTD Mapper 3.0//EN" "http://mybatis.org/dtd/mybatis-3-mapper.dtd">
<!--
  automatically generated Logic3CustomizeService Mapper xml
-->
<mapper namespace="com.lygtenant.xp.repository.Logic3CustomizeServiceMapper">

    <resultMap id="AnonymousStructure_696132E2866BB3A7304ADB01F51B02DD" type="com.lygtenant.xp.domain.structure.anonymous.AnonymousStructure_AB07B56E17F199818EDFF2826A34B54E">
	<id column="T1_C1" property="salesRankingTemporary.id"/>
	<result column="T1_C2" property="salesRankingTemporary.createdTime"/>
	<result column="T1_C3" property="salesRankingTemporary.updatedTime"/>
	<result column="T1_C4" property="salesRankingTemporary.createdBy"/>
	<result column="T1_C5" property="salesRankingTemporary.updatedBy"/>
	<result column="T1_C6" property="salesRankingTemporary.proId"/>
	<result column="T1_C7" property="salesRankingTemporary.salesRanking"/>
</resultMap>
<select id="getAnonymousStructure_696132E2866BB3A7304ADB01F51B02DD" resultMap="AnonymousStructure_696132E2866BB3A7304ADB01F51B02DD">
	 SELECT `SalesRankingTemporary`.`id` `T1_C1`,`SalesRankingTemporary`.`createdTime` `T1_C2`,`SalesRankingTemporary`.`updatedTime` `T1_C3`,`SalesRankingTemporary`.`createdBy` `T1_C4`,`SalesRankingTemporary`.`updatedBy` `T1_C5`,`SalesRankingTemporary`.`proId` `T1_C6`,`SalesRankingTemporary`.`salesRanking` `T1_C7` FROM `SalesRankingTemporary`  
<if test=" 1==1 ">
	 LIMIT ${( 1000 * ( 1 - 1 ) )}, ${1000}
</if>
</select>
<select id="countAnonymousStructure_696132E2866BB3A7304ADB01F51B02DD" resultType="java.lang.Long">
	SELECT COUNT(*) FROM `SalesRankingTemporary` 
</select>


</mapper>