<?xml version="1.0" encoding="UTF-8"?>
<!DOCTYPE mapper PUBLIC "-//mybatis.org//DTD Mapper 3.0//EN" "http://mybatis.org/dtd/mybatis-3-mapper.dtd">
<!--
  automatically generated Logic2CustomizeService Mapper xml
-->
<mapper namespace="com.lygtenant.xp.repository.Logic2CustomizeServiceMapper">

    <resultMap id="AnonymousStructure_F972D0AACCDD7B64E8F5372A97DC8229" type="com.lygtenant.xp.domain.structure.anonymous.AnonymousStructure_263688550FF6EC94F4FA9B05CF950163">
	<result column="productCode" property="productCode"/>
	<result column="number" property="number"/>
</resultMap>
<select id="getAnonymousStructure_F972D0AACCDD7B64E8F5372A97DC8229" resultMap="AnonymousStructure_F972D0AACCDD7B64E8F5372A97DC8229">
	 SELECT COUNT(DISTINCT `ProSpecification`.`id`) `number`,`Product`.`productCode` `productCode` FROM `Product` LEFT JOIN `ProSpecification` ON `Product`.`id` = `ProSpecification`.`proID` 
<if test=" ( filter!=null and filter.sizeList!=null and filter.sizeList.size()>0 ) or ( filter!=null and filter.type!=null ) or 1==1 or ( filter!=null and filter.size2List!=null and filter.size2List.size()>0 ) or ( filter!=null and filter.sex!=null ) ">
	
<trim prefix = "WHERE" prefixOverrides = "and |or">
	
<if test=" ( filter!=null and filter.sizeList!=null and filter.sizeList.size()>0 ) and 1==1 ">
	
<trim prefix="(" suffix=")" prefixOverrides="and |or">
	( `ProSpecification`.`size1` IN <foreach item="item" index="index" collection="filter.sizeList" open="(" separator="," close=")">
#{item}
</foreach>
 )
</trim>
</if> 
<if test=" ( filter!=null and filter.type!=null ) or 1==1 or ( filter!=null and filter.size2List!=null and filter.size2List.size()>0 ) or ( filter!=null and filter.sex!=null ) ">
	
<trim prefix="and">
	
<trim prefix="(" suffix=")" prefixOverrides="and |or">
	
<if test=" 1==1 and ( filter!=null and filter.size2List!=null and filter.size2List.size()>0 ) ">
	
<trim prefix="(" suffix=")" prefixOverrides="and |or">
	( `ProSpecification`.`size2` IN <foreach item="item" index="index" collection="filter.size2List" open="(" separator="," close=")">
#{item}
</foreach>
 )
</trim>
</if> 
<if test=" ( filter!=null and filter.type!=null ) or 1==1 or ( filter!=null and filter.sex!=null ) ">
	
<trim prefix="and">
	
<trim prefix="(" suffix=")" prefixOverrides="and |or">
	
<if test=" 1==1 and ( filter!=null and filter.sex!=null ) ">
	
<trim prefix="(" suffix=")" prefixOverrides="and |or">
	`Product`.`sex` = #{filter.sex}
</trim>
</if> 
<if test=" ( filter!=null and filter.type!=null ) and 1==1 ">
	
<trim prefix="and">
	
<trim prefix="(" suffix=")" prefixOverrides="and |or">
	`Product`.`type` = #{filter.type}
</trim>
</trim>
</if>
</trim>
</trim>
</if>
</trim>
</trim>
</if>
</trim>
</if> GROUP BY `Product`.`productCode` 
<if test=" 1==1 ">
	 LIMIT ${( 1000 * ( 1 - 1 ) )}, ${1000}
</if>
</select>
<select id="countAnonymousStructure_F972D0AACCDD7B64E8F5372A97DC8229" resultType="java.lang.Long">
	SELECT COUNT(*) FROM (SELECT COUNT(DISTINCT `ProSpecification`.`id`) `number`,`Product`.`productCode` `productCode` FROM `Product` LEFT JOIN `ProSpecification` ON `Product`.`id` = `ProSpecification`.`proID` 
<if test=" ( filter!=null and filter.sizeList!=null and filter.sizeList.size()>0 ) or ( filter!=null and filter.type!=null ) or 1==1 or ( filter!=null and filter.size2List!=null and filter.size2List.size()>0 ) or ( filter!=null and filter.sex!=null ) ">
	
<trim prefix = "WHERE" prefixOverrides = "and |or">
	
<if test=" ( filter!=null and filter.sizeList!=null and filter.sizeList.size()>0 ) and 1==1 ">
	
<trim prefix="(" suffix=")" prefixOverrides="and |or">
	( `ProSpecification`.`size1` IN <foreach item="item" index="index" collection="filter.sizeList" open="(" separator="," close=")">
#{item}
</foreach>
 )
</trim>
</if> 
<if test=" ( filter!=null and filter.type!=null ) or 1==1 or ( filter!=null and filter.size2List!=null and filter.size2List.size()>0 ) or ( filter!=null and filter.sex!=null ) ">
	
<trim prefix="and">
	
<trim prefix="(" suffix=")" prefixOverrides="and |or">
	
<if test=" 1==1 and ( filter!=null and filter.size2List!=null and filter.size2List.size()>0 ) ">
	
<trim prefix="(" suffix=")" prefixOverrides="and |or">
	( `ProSpecification`.`size2` IN <foreach item="item" index="index" collection="filter.size2List" open="(" separator="," close=")">
#{item}
</foreach>
 )
</trim>
</if> 
<if test=" ( filter!=null and filter.type!=null ) or 1==1 or ( filter!=null and filter.sex!=null ) ">
	
<trim prefix="and">
	
<trim prefix="(" suffix=")" prefixOverrides="and |or">
	
<if test=" 1==1 and ( filter!=null and filter.sex!=null ) ">
	
<trim prefix="(" suffix=")" prefixOverrides="and |or">
	`Product`.`sex` = #{filter.sex}
</trim>
</if> 
<if test=" ( filter!=null and filter.type!=null ) and 1==1 ">
	
<trim prefix="and">
	
<trim prefix="(" suffix=")" prefixOverrides="and |or">
	`Product`.`type` = #{filter.type}
</trim>
</trim>
</if>
</trim>
</trim>
</if>
</trim>
</trim>
</if>
</trim>
</if> GROUP BY `Product`.`productCode`) AnonymousS
</select>


</mapper>