<?xml version="1.0" encoding="UTF-8"?>
<!DOCTYPE mapper PUBLIC "-//mybatis.org//DTD Mapper 3.0//EN" "http://mybatis.org/dtd/mybatis-3-mapper.dtd">
<!--
  automatically generated Logic1CustomizeService Mapper xml
-->
<mapper namespace="com.lygtenant.xp.repository.Logic1CustomizeServiceMapper">

    <resultMap id="AnonymousStructure_48CA0B526B95BCC3B5DF53BD62B8EC14" type="com.lygtenant.xp.domain.structure.anonymous.AnonymousStructure_42648D7203E3AB4CC90714FE22A5A92E">
	<result column="proNumber" property="proNumber"/>
	<result column="type" property="type"/>
	<result column="type2" property="type2"/>
	<result column="type3" property="type3"/>
	<result column="sex" property="sex"/>
	<result column="brand" property="brand"/>
	<result column="season" property="season"/>
	<result column="proName" property="proName"/>
</resultMap>
<select id="getAnonymousStructure_48CA0B526B95BCC3B5DF53BD62B8EC14" resultMap="AnonymousStructure_48CA0B526B95BCC3B5DF53BD62B8EC14">
	 SELECT `ProductTemporary`.`proNumber` `proNumber`,`ProductTemporary`.`type` `type`,`ProductTemporary`.`type2` `type2`,`ProductTemporary`.`type3` `type3`,`ProductTemporary`.`sex` `sex`,`ProductTemporary`.`brand` `brand`,`ProductTemporary`.`season` `season`,`ProductTemporary`.`proName` `proName` FROM `ProductTemporary` GROUP BY `ProductTemporary`.`proNumber`,`ProductTemporary`.`type`,`ProductTemporary`.`type2`,`ProductTemporary`.`type3`,`ProductTemporary`.`sex`,`ProductTemporary`.`brand`,`ProductTemporary`.`season`,`ProductTemporary`.`proName` 
<if test=" 1==1 ">
	 LIMIT ${( 20000 * ( 1 - 1 ) )}, ${20000}
</if>
</select>
<select id="countAnonymousStructure_48CA0B526B95BCC3B5DF53BD62B8EC14" resultType="java.lang.Long">
	SELECT COUNT(*) FROM (SELECT `ProductTemporary`.`proNumber` `proNumber`,`ProductTemporary`.`type` `type`,`ProductTemporary`.`type2` `type2`,`ProductTemporary`.`type3` `type3`,`ProductTemporary`.`sex` `sex`,`ProductTemporary`.`brand` `brand`,`ProductTemporary`.`season` `season`,`ProductTemporary`.`proName` `proName` FROM `ProductTemporary` GROUP BY `ProductTemporary`.`proNumber`,`ProductTemporary`.`type`,`ProductTemporary`.`type2`,`ProductTemporary`.`type3`,`ProductTemporary`.`sex`,`ProductTemporary`.`brand`,`ProductTemporary`.`season`,`ProductTemporary`.`proName`) AnonymousS
</select>


</mapper>