<?xml version="1.0" encoding="UTF-8"?>
<!DOCTYPE mapper PUBLIC "-//mybatis.org//DTD Mapper 3.0//EN" "http://mybatis.org/dtd/mybatis-3-mapper.dtd">
<!--
  automatically generated ProductTemporaryEntity Mapper xml
-->
<mapper namespace="com.lygtenant.xp.repository.entities.ProductTemporaryEntityMapper">
    <resultMap id="BaseResultMap" type="com.lygtenant.xp.domain.entities.ProductTemporaryEntity">
        <id column="id" jdbcType="BIGINT" property="id" />
        <result column="createdTime" jdbcType="TIMESTAMP" property="createdTime" />
        <result column="updatedTime" jdbcType="TIMESTAMP" property="updatedTime" />
        <result column="createdBy" jdbcType="VARCHAR" property="createdBy" />
        <result column="updatedBy" jdbcType="VARCHAR" property="updatedBy" />
        <result column="proNumber" jdbcType="VARCHAR" property="proNumber" />
        <result column="channel" jdbcType="VARCHAR" property="channel" />
        <result column="size1" jdbcType="VARCHAR" property="size1" />
        <result column="size2" jdbcType="VARCHAR" property="size2" />
        <result column="brand" jdbcType="VARCHAR" property="brand" />
        <result column="sellingPrice" jdbcType="DECIMAL" property="sellingPrice" />
        <result column="quantity" jdbcType="BIGINT" property="quantity" />
        <result column="type" jdbcType="VARCHAR" property="type" />
        <result column="type2" jdbcType="VARCHAR" property="type2" />
        <result column="type3" jdbcType="VARCHAR" property="type3" />
        <result column="sex" jdbcType="VARCHAR" property="sex" />
        <result column="season" jdbcType="VARCHAR" property="season" />
        <result column="discount" jdbcType="DECIMAL" property="discount" />
        <result column="salesRanking" jdbcType="BIGINT" property="salesRanking" />
        <result column="proName" jdbcType="VARCHAR" property="proName" />
    </resultMap>

    <!--
       ###################################################
       ######### mysql
       ###################################################
     -->
    <insert id="insert" parameterType="com.lygtenant.xp.domain.entities.ProductTemporaryEntity"  >
        INSERT INTO `ProductTemporary` (
            `id`
            ,`createdTime`
            ,`updatedTime`
            ,`createdBy`
            ,`updatedBy`
            ,`proNumber`
            ,`channel`
            ,`size1`
            ,`size2`
            ,`brand`
            ,`sellingPrice`
            ,`quantity`
            ,`type`
            ,`type2`
            ,`type3`
            ,`sex`
            ,`season`
            ,`discount`
            ,`salesRanking`
            ,`proName`
        )
        VALUES (
            #{id,jdbcType=BIGINT}
            ,#{createdTime,jdbcType=TIMESTAMP}
            ,#{updatedTime,jdbcType=TIMESTAMP}
            ,#{createdBy,jdbcType=VARCHAR}
            ,#{updatedBy,jdbcType=VARCHAR}
            ,#{proNumber,jdbcType=VARCHAR}
            ,#{channel,jdbcType=VARCHAR}
            ,#{size1,jdbcType=VARCHAR}
            ,#{size2,jdbcType=VARCHAR}
            ,#{brand,jdbcType=VARCHAR}
            ,#{sellingPrice,jdbcType=DECIMAL}
            ,#{quantity,jdbcType=BIGINT}
            ,#{type,jdbcType=VARCHAR}
            ,#{type2,jdbcType=VARCHAR}
            ,#{type3,jdbcType=VARCHAR}
            ,#{sex,jdbcType=VARCHAR}
            ,#{season,jdbcType=VARCHAR}
            ,#{discount,jdbcType=DECIMAL}
            ,#{salesRanking,jdbcType=BIGINT}
            ,#{proName,jdbcType=VARCHAR}
        )
    </insert>

    <insert id="batchInsert"  parameterType="java.util.List" >
        INSERT INTO `ProductTemporary` (
            `id`
            ,`createdTime`
            ,`updatedTime`
            ,`createdBy`
            ,`updatedBy`
            ,`proNumber`
            ,`channel`
            ,`size1`
            ,`size2`
            ,`brand`
            ,`sellingPrice`
            ,`quantity`
            ,`type`
            ,`type2`
            ,`type3`
            ,`sex`
            ,`season`
            ,`discount`
            ,`salesRanking`
            ,`proName`
        )
        VALUES
        <foreach collection="list" item="item" index="index" separator=",">
        (
            #{item.id,jdbcType=BIGINT}
            ,#{item.createdTime,jdbcType=TIMESTAMP}
            ,#{item.updatedTime,jdbcType=TIMESTAMP}
            ,#{item.createdBy,jdbcType=VARCHAR}
            ,#{item.updatedBy,jdbcType=VARCHAR}
            ,#{item.proNumber,jdbcType=VARCHAR}
            ,#{item.channel,jdbcType=VARCHAR}
            ,#{item.size1,jdbcType=VARCHAR}
            ,#{item.size2,jdbcType=VARCHAR}
            ,#{item.brand,jdbcType=VARCHAR}
            ,#{item.sellingPrice,jdbcType=DECIMAL}
            ,#{item.quantity,jdbcType=BIGINT}
            ,#{item.type,jdbcType=VARCHAR}
            ,#{item.type2,jdbcType=VARCHAR}
            ,#{item.type3,jdbcType=VARCHAR}
            ,#{item.sex,jdbcType=VARCHAR}
            ,#{item.season,jdbcType=VARCHAR}
            ,#{item.discount,jdbcType=DECIMAL}
            ,#{item.salesRanking,jdbcType=BIGINT}
            ,#{item.proName,jdbcType=VARCHAR}
         )
        </foreach>
    </insert>

    <update id="update" parameterType="com.lygtenant.xp.domain.entities.ProductTemporaryEntity" >
        UPDATE `ProductTemporary`
        <set>
            <if test="updateFields == null or updateFields.contains('createdTime')">`createdTime` = #{bean.createdTime,jdbcType=TIMESTAMP},</if>
            <if test="updateFields == null or updateFields.contains('updatedTime')">`updatedTime` = #{bean.updatedTime,jdbcType=TIMESTAMP},</if>
            <if test="updateFields == null or updateFields.contains('createdBy')">`createdBy` = #{bean.createdBy,jdbcType=VARCHAR},</if>
            <if test="updateFields == null or updateFields.contains('updatedBy')">`updatedBy` = #{bean.updatedBy,jdbcType=VARCHAR},</if>
            <if test="updateFields == null or updateFields.contains('proNumber')">`proNumber` = #{bean.proNumber,jdbcType=VARCHAR},</if>
            <if test="updateFields == null or updateFields.contains('channel')">`channel` = #{bean.channel,jdbcType=VARCHAR},</if>
            <if test="updateFields == null or updateFields.contains('size1')">`size1` = #{bean.size1,jdbcType=VARCHAR},</if>
            <if test="updateFields == null or updateFields.contains('size2')">`size2` = #{bean.size2,jdbcType=VARCHAR},</if>
            <if test="updateFields == null or updateFields.contains('brand')">`brand` = #{bean.brand,jdbcType=VARCHAR},</if>
            <if test="updateFields == null or updateFields.contains('sellingPrice')">`sellingPrice` = #{bean.sellingPrice,jdbcType=DECIMAL},</if>
            <if test="updateFields == null or updateFields.contains('quantity')">`quantity` = #{bean.quantity,jdbcType=BIGINT},</if>
            <if test="updateFields == null or updateFields.contains('type')">`type` = #{bean.type,jdbcType=VARCHAR},</if>
            <if test="updateFields == null or updateFields.contains('type2')">`type2` = #{bean.type2,jdbcType=VARCHAR},</if>
            <if test="updateFields == null or updateFields.contains('type3')">`type3` = #{bean.type3,jdbcType=VARCHAR},</if>
            <if test="updateFields == null or updateFields.contains('sex')">`sex` = #{bean.sex,jdbcType=VARCHAR},</if>
            <if test="updateFields == null or updateFields.contains('season')">`season` = #{bean.season,jdbcType=VARCHAR},</if>
            <if test="updateFields == null or updateFields.contains('discount')">`discount` = #{bean.discount,jdbcType=DECIMAL},</if>
            <if test="updateFields == null or updateFields.contains('salesRanking')">`salesRanking` = #{bean.salesRanking,jdbcType=BIGINT},</if>
            <if test="updateFields == null or updateFields.contains('proName')">`proName` = #{bean.proName,jdbcType=VARCHAR},</if>
        </set>
        where `id` = #{bean.id}
    </update>

    <!-- todo -->
    <update id="batchUpdate" parameterType="com.lygtenant.xp.domain.entities.ProductTemporaryEntity" >
        UPDATE `ProductTemporary`
        <set>
            <if test="updateFields == null or updateFields.contains('createdTime')">`createdTime` = #{bean.createdTime,jdbcType=TIMESTAMP},</if>
            <if test="updateFields == null or updateFields.contains('updatedTime')">`updatedTime` = #{bean.updatedTime,jdbcType=TIMESTAMP},</if>
            <if test="updateFields == null or updateFields.contains('createdBy')">`createdBy` = #{bean.createdBy,jdbcType=VARCHAR},</if>
            <if test="updateFields == null or updateFields.contains('updatedBy')">`updatedBy` = #{bean.updatedBy,jdbcType=VARCHAR},</if>
            <if test="updateFields == null or updateFields.contains('proNumber')">`proNumber` = #{bean.proNumber,jdbcType=VARCHAR},</if>
            <if test="updateFields == null or updateFields.contains('channel')">`channel` = #{bean.channel,jdbcType=VARCHAR},</if>
            <if test="updateFields == null or updateFields.contains('size1')">`size1` = #{bean.size1,jdbcType=VARCHAR},</if>
            <if test="updateFields == null or updateFields.contains('size2')">`size2` = #{bean.size2,jdbcType=VARCHAR},</if>
            <if test="updateFields == null or updateFields.contains('brand')">`brand` = #{bean.brand,jdbcType=VARCHAR},</if>
            <if test="updateFields == null or updateFields.contains('sellingPrice')">`sellingPrice` = #{bean.sellingPrice,jdbcType=DECIMAL},</if>
            <if test="updateFields == null or updateFields.contains('quantity')">`quantity` = #{bean.quantity,jdbcType=BIGINT},</if>
            <if test="updateFields == null or updateFields.contains('type')">`type` = #{bean.type,jdbcType=VARCHAR},</if>
            <if test="updateFields == null or updateFields.contains('type2')">`type2` = #{bean.type2,jdbcType=VARCHAR},</if>
            <if test="updateFields == null or updateFields.contains('type3')">`type3` = #{bean.type3,jdbcType=VARCHAR},</if>
            <if test="updateFields == null or updateFields.contains('sex')">`sex` = #{bean.sex,jdbcType=VARCHAR},</if>
            <if test="updateFields == null or updateFields.contains('season')">`season` = #{bean.season,jdbcType=VARCHAR},</if>
            <if test="updateFields == null or updateFields.contains('discount')">`discount` = #{bean.discount,jdbcType=DECIMAL},</if>
            <if test="updateFields == null or updateFields.contains('salesRanking')">`salesRanking` = #{bean.salesRanking,jdbcType=BIGINT},</if>
            <if test="updateFields == null or updateFields.contains('proName')">`proName` = #{bean.proName,jdbcType=VARCHAR},</if>
        </set>
        where `id` = #{bean.id}
    </update>


    <delete id="delete" parameterType="java.lang.Long" >
        DELETE FROM `ProductTemporary` where `id` = #{id}
    </delete>


    <delete id="batchDelete" >
        DELETE FROM `ProductTemporary` where `id` in
        <foreach collection="list" item="pkValueItem" index="index"  separator="," open="(" close=")">
            #{pkValueItem}
        </foreach>
    </delete>

    <delete id="deleteReference">
        DELETE FROM `ProductTemporary`
        <where>
            <choose>
                <when test="property == 'id'">
                    AND `id` = #{value, jdbcType=BIGINT}
                </when>
                <when test="property == 'createdTime'">
                    AND `createdTime` = #{value, jdbcType=TIMESTAMP}
                </when>
                <when test="property == 'updatedTime'">
                    AND `updatedTime` = #{value, jdbcType=TIMESTAMP}
                </when>
                <when test="property == 'createdBy'">
                    AND `createdBy` = #{value, jdbcType=VARCHAR}
                </when>
                <when test="property == 'updatedBy'">
                    AND `updatedBy` = #{value, jdbcType=VARCHAR}
                </when>
                <when test="property == 'proNumber'">
                    AND `proNumber` = #{value, jdbcType=VARCHAR}
                </when>
                <when test="property == 'channel'">
                    AND `channel` = #{value, jdbcType=VARCHAR}
                </when>
                <when test="property == 'size1'">
                    AND `size1` = #{value, jdbcType=VARCHAR}
                </when>
                <when test="property == 'size2'">
                    AND `size2` = #{value, jdbcType=VARCHAR}
                </when>
                <when test="property == 'brand'">
                    AND `brand` = #{value, jdbcType=VARCHAR}
                </when>
                <when test="property == 'sellingPrice'">
                    AND `sellingPrice` = #{value, jdbcType=DECIMAL}
                </when>
                <when test="property == 'quantity'">
                    AND `quantity` = #{value, jdbcType=BIGINT}
                </when>
                <when test="property == 'type'">
                    AND `type` = #{value, jdbcType=VARCHAR}
                </when>
                <when test="property == 'type2'">
                    AND `type2` = #{value, jdbcType=VARCHAR}
                </when>
                <when test="property == 'type3'">
                    AND `type3` = #{value, jdbcType=VARCHAR}
                </when>
                <when test="property == 'sex'">
                    AND `sex` = #{value, jdbcType=VARCHAR}
                </when>
                <when test="property == 'season'">
                    AND `season` = #{value, jdbcType=VARCHAR}
                </when>
                <when test="property == 'discount'">
                    AND `discount` = #{value, jdbcType=DECIMAL}
                </when>
                <when test="property == 'salesRanking'">
                    AND `salesRanking` = #{value, jdbcType=BIGINT}
                </when>
                <when test="property == 'proName'">
                    AND `proName` = #{value, jdbcType=VARCHAR}
                </when>
                <otherwise>
                    MUST BE ERROR
                </otherwise>
            </choose>
        </where>
    </delete>

    <select id="existReference" resultType="java.lang.Long" >
        select `id` from `ProductTemporary` 
        <where>
            <choose>
                <when test="property == 'id'">
                    AND `id` = #{value, jdbcType=BIGINT}
                </when>
                <when test="property == 'createdTime'">
                    AND `createdTime` = #{value, jdbcType=TIMESTAMP}
                </when>
                <when test="property == 'updatedTime'">
                    AND `updatedTime` = #{value, jdbcType=TIMESTAMP}
                </when>
                <when test="property == 'createdBy'">
                    AND `createdBy` = #{value, jdbcType=VARCHAR}
                </when>
                <when test="property == 'updatedBy'">
                    AND `updatedBy` = #{value, jdbcType=VARCHAR}
                </when>
                <when test="property == 'proNumber'">
                    AND `proNumber` = #{value, jdbcType=VARCHAR}
                </when>
                <when test="property == 'channel'">
                    AND `channel` = #{value, jdbcType=VARCHAR}
                </when>
                <when test="property == 'size1'">
                    AND `size1` = #{value, jdbcType=VARCHAR}
                </when>
                <when test="property == 'size2'">
                    AND `size2` = #{value, jdbcType=VARCHAR}
                </when>
                <when test="property == 'brand'">
                    AND `brand` = #{value, jdbcType=VARCHAR}
                </when>
                <when test="property == 'sellingPrice'">
                    AND `sellingPrice` = #{value, jdbcType=DECIMAL}
                </when>
                <when test="property == 'quantity'">
                    AND `quantity` = #{value, jdbcType=BIGINT}
                </when>
                <when test="property == 'type'">
                    AND `type` = #{value, jdbcType=VARCHAR}
                </when>
                <when test="property == 'type2'">
                    AND `type2` = #{value, jdbcType=VARCHAR}
                </when>
                <when test="property == 'type3'">
                    AND `type3` = #{value, jdbcType=VARCHAR}
                </when>
                <when test="property == 'sex'">
                    AND `sex` = #{value, jdbcType=VARCHAR}
                </when>
                <when test="property == 'season'">
                    AND `season` = #{value, jdbcType=VARCHAR}
                </when>
                <when test="property == 'discount'">
                    AND `discount` = #{value, jdbcType=DECIMAL}
                </when>
                <when test="property == 'salesRanking'">
                    AND `salesRanking` = #{value, jdbcType=BIGINT}
                </when>
                <when test="property == 'proName'">
                    AND `proName` = #{value, jdbcType=VARCHAR}
                </when>
                <otherwise>
                    MUST BE ERROR
                </otherwise>
            </choose>
        </where>
         LIMIT 1
    </select>


    <select id="selectOne" resultMap="BaseResultMap" >
        select * from `ProductTemporary` where `id`=#{id}
    </select>

    <select id="selectList" parameterType="com.lygtenant.xp.service.dto.filters.AbstractQueryFilter" resultMap="BaseResultMap" >
        select * from `ProductTemporary`
        <where>
            ${filter.sql("mysql")}
        </where>
    </select>

    <select id="count" parameterType="com.lygtenant.xp.service.dto.filters.AbstractQueryFilter" resultType="java.lang.Integer" >
        select count(1) from `ProductTemporary`
        <where>
            ${filter.sql("mysql")}
        </where>
    </select>

    <insert id="createOrUpdate" parameterType="com.lygtenant.xp.domain.entities.ProductTemporaryEntity">
        INSERT INTO `ProductTemporary` (
            `id`
            ,`createdTime`
            ,`updatedTime`
            ,`createdBy`
            ,`updatedBy`
            ,`proNumber`
            ,`channel`
            ,`size1`
            ,`size2`
            ,`brand`
            ,`sellingPrice`
            ,`quantity`
            ,`type`
            ,`type2`
            ,`type3`
            ,`sex`
            ,`season`
            ,`discount`
            ,`salesRanking`
            ,`proName`
        )
        VALUES (
            #{id,jdbcType=BIGINT}
            ,#{createdTime,jdbcType=TIMESTAMP}
            ,#{updatedTime,jdbcType=TIMESTAMP}
            ,#{createdBy,jdbcType=VARCHAR}
            ,#{updatedBy,jdbcType=VARCHAR}
            ,#{proNumber,jdbcType=VARCHAR}
            ,#{channel,jdbcType=VARCHAR}
            ,#{size1,jdbcType=VARCHAR}
            ,#{size2,jdbcType=VARCHAR}
            ,#{brand,jdbcType=VARCHAR}
            ,#{sellingPrice,jdbcType=DECIMAL}
            ,#{quantity,jdbcType=BIGINT}
            ,#{type,jdbcType=VARCHAR}
            ,#{type2,jdbcType=VARCHAR}
            ,#{type3,jdbcType=VARCHAR}
            ,#{sex,jdbcType=VARCHAR}
            ,#{season,jdbcType=VARCHAR}
            ,#{discount,jdbcType=DECIMAL}
            ,#{salesRanking,jdbcType=BIGINT}
            ,#{proName,jdbcType=VARCHAR}
        )
    </insert>


    <update id="updateBy">
        UPDATE `ProductTemporary`
        <set>
        <if test="updateFields == null or updateFields.contains('createdTime')">`createdTime` = #{bean.createdTime,jdbcType=TIMESTAMP},</if>
        <if test="updateFields == null or updateFields.contains('updatedTime')">`updatedTime` = #{bean.updatedTime,jdbcType=TIMESTAMP},</if>
        <if test="updateFields == null or updateFields.contains('createdBy')">`createdBy` = #{bean.createdBy,jdbcType=VARCHAR},</if>
        <if test="updateFields == null or updateFields.contains('updatedBy')">`updatedBy` = #{bean.updatedBy,jdbcType=VARCHAR},</if>
        <if test="updateFields == null or updateFields.contains('proNumber')">`proNumber` = #{bean.proNumber,jdbcType=VARCHAR},</if>
        <if test="updateFields == null or updateFields.contains('channel')">`channel` = #{bean.channel,jdbcType=VARCHAR},</if>
        <if test="updateFields == null or updateFields.contains('size1')">`size1` = #{bean.size1,jdbcType=VARCHAR},</if>
        <if test="updateFields == null or updateFields.contains('size2')">`size2` = #{bean.size2,jdbcType=VARCHAR},</if>
        <if test="updateFields == null or updateFields.contains('brand')">`brand` = #{bean.brand,jdbcType=VARCHAR},</if>
        <if test="updateFields == null or updateFields.contains('sellingPrice')">`sellingPrice` = #{bean.sellingPrice,jdbcType=DECIMAL},</if>
        <if test="updateFields == null or updateFields.contains('quantity')">`quantity` = #{bean.quantity,jdbcType=BIGINT},</if>
        <if test="updateFields == null or updateFields.contains('type')">`type` = #{bean.type,jdbcType=VARCHAR},</if>
        <if test="updateFields == null or updateFields.contains('type2')">`type2` = #{bean.type2,jdbcType=VARCHAR},</if>
        <if test="updateFields == null or updateFields.contains('type3')">`type3` = #{bean.type3,jdbcType=VARCHAR},</if>
        <if test="updateFields == null or updateFields.contains('sex')">`sex` = #{bean.sex,jdbcType=VARCHAR},</if>
        <if test="updateFields == null or updateFields.contains('season')">`season` = #{bean.season,jdbcType=VARCHAR},</if>
        <if test="updateFields == null or updateFields.contains('discount')">`discount` = #{bean.discount,jdbcType=DECIMAL},</if>
        <if test="updateFields == null or updateFields.contains('salesRanking')">`salesRanking` = #{bean.salesRanking,jdbcType=BIGINT},</if>
        <if test="updateFields == null or updateFields.contains('proName')">`proName` = #{bean.proName,jdbcType=VARCHAR},</if>
        </set>
        where ${filter.sql("mysql")}
    </update>

    <delete id="deleteBy" parameterType="com.lygtenant.xp.service.dto.filters.AbstractQueryFilter">
        DELETE FROM `ProductTemporary` where ${filter.sql("mysql")}
    </delete>
</mapper>