<?xml version="1.0" encoding="UTF-8"?>
<!DOCTYPE mapper PUBLIC "-//mybatis.org//DTD Mapper 3.0//EN" "http://mybatis.org/dtd/mybatis-3-mapper.dtd">
<!--
  automatically generated ProSpecificationEntity Mapper xml
-->
<mapper namespace="com.lygtenant.xp.repository.entities.ProSpecificationEntityMapper">
    <resultMap id="BaseResultMap" type="com.lygtenant.xp.domain.entities.ProSpecificationEntity">
        <id column="id" jdbcType="BIGINT" property="id" />
        <result column="createdTime" jdbcType="TIMESTAMP" property="createdTime" />
        <result column="updatedTime" jdbcType="TIMESTAMP" property="updatedTime" />
        <result column="createdBy" jdbcType="VARCHAR" property="createdBy" />
        <result column="updatedBy" jdbcType="VARCHAR" property="updatedBy" />
        <result column="proID" jdbcType="BIGINT" property="proID" />
        <result column="size1" jdbcType="VARCHAR" property="size1" />
        <result column="size2" jdbcType="VARCHAR" property="size2" />
        <result column="quantity" jdbcType="BIGINT" property="quantity" />
        <result column="discount" jdbcType="DECIMAL" property="discount" />
        <result column="sellingPrice" jdbcType="DECIMAL" property="sellingPrice" />
        <result column="channel" jdbcType="VARCHAR" property="channel" />
        <result column="supplyPrice" jdbcType="DECIMAL" property="supplyPrice" />
        <result column="selling" jdbcType="DECIMAL" property="selling" />
        <result column="commodityCode" jdbcType="VARCHAR" property="commodityCode" />
    </resultMap>

    <!--
       ###################################################
       ######### mysql
       ###################################################
     -->
    <insert id="insert" parameterType="com.lygtenant.xp.domain.entities.ProSpecificationEntity"  >
        INSERT INTO `ProSpecification` (
            `id`
            ,`createdTime`
            ,`updatedTime`
            ,`createdBy`
            ,`updatedBy`
            ,`proID`
            ,`size1`
            ,`size2`
            ,`quantity`
            ,`discount`
            ,`sellingPrice`
            ,`channel`
            ,`supplyPrice`
            ,`selling`
            ,`commodityCode`
        )
        VALUES (
            #{id,jdbcType=BIGINT}
            ,#{createdTime,jdbcType=TIMESTAMP}
            ,#{updatedTime,jdbcType=TIMESTAMP}
            ,#{createdBy,jdbcType=VARCHAR}
            ,#{updatedBy,jdbcType=VARCHAR}
            ,#{proID,jdbcType=BIGINT}
            ,#{size1,jdbcType=VARCHAR}
            ,#{size2,jdbcType=VARCHAR}
            ,#{quantity,jdbcType=BIGINT}
            ,#{discount,jdbcType=DECIMAL}
            ,#{sellingPrice,jdbcType=DECIMAL}
            ,#{channel,jdbcType=VARCHAR}
            ,#{supplyPrice,jdbcType=DECIMAL}
            ,#{selling,jdbcType=DECIMAL}
            ,#{commodityCode,jdbcType=VARCHAR}
        )
    </insert>

    <insert id="batchInsert"  parameterType="java.util.List" >
        INSERT INTO `ProSpecification` (
            `id`
            ,`createdTime`
            ,`updatedTime`
            ,`createdBy`
            ,`updatedBy`
            ,`proID`
            ,`size1`
            ,`size2`
            ,`quantity`
            ,`discount`
            ,`sellingPrice`
            ,`channel`
            ,`supplyPrice`
            ,`selling`
            ,`commodityCode`
        )
        VALUES
        <foreach collection="list" item="item" index="index" separator=",">
        (
            #{item.id,jdbcType=BIGINT}
            ,#{item.createdTime,jdbcType=TIMESTAMP}
            ,#{item.updatedTime,jdbcType=TIMESTAMP}
            ,#{item.createdBy,jdbcType=VARCHAR}
            ,#{item.updatedBy,jdbcType=VARCHAR}
            ,#{item.proID,jdbcType=BIGINT}
            ,#{item.size1,jdbcType=VARCHAR}
            ,#{item.size2,jdbcType=VARCHAR}
            ,#{item.quantity,jdbcType=BIGINT}
            ,#{item.discount,jdbcType=DECIMAL}
            ,#{item.sellingPrice,jdbcType=DECIMAL}
            ,#{item.channel,jdbcType=VARCHAR}
            ,#{item.supplyPrice,jdbcType=DECIMAL}
            ,#{item.selling,jdbcType=DECIMAL}
            ,#{item.commodityCode,jdbcType=VARCHAR}
         )
        </foreach>
    </insert>

    <update id="update" parameterType="com.lygtenant.xp.domain.entities.ProSpecificationEntity" >
        UPDATE `ProSpecification`
        <set>
            <if test="updateFields == null or updateFields.contains('createdTime')">`createdTime` = #{bean.createdTime,jdbcType=TIMESTAMP},</if>
            <if test="updateFields == null or updateFields.contains('updatedTime')">`updatedTime` = #{bean.updatedTime,jdbcType=TIMESTAMP},</if>
            <if test="updateFields == null or updateFields.contains('createdBy')">`createdBy` = #{bean.createdBy,jdbcType=VARCHAR},</if>
            <if test="updateFields == null or updateFields.contains('updatedBy')">`updatedBy` = #{bean.updatedBy,jdbcType=VARCHAR},</if>
            <if test="updateFields == null or updateFields.contains('proID')">`proID` = #{bean.proID,jdbcType=BIGINT},</if>
            <if test="updateFields == null or updateFields.contains('size1')">`size1` = #{bean.size1,jdbcType=VARCHAR},</if>
            <if test="updateFields == null or updateFields.contains('size2')">`size2` = #{bean.size2,jdbcType=VARCHAR},</if>
            <if test="updateFields == null or updateFields.contains('quantity')">`quantity` = #{bean.quantity,jdbcType=BIGINT},</if>
            <if test="updateFields == null or updateFields.contains('discount')">`discount` = #{bean.discount,jdbcType=DECIMAL},</if>
            <if test="updateFields == null or updateFields.contains('sellingPrice')">`sellingPrice` = #{bean.sellingPrice,jdbcType=DECIMAL},</if>
            <if test="updateFields == null or updateFields.contains('channel')">`channel` = #{bean.channel,jdbcType=VARCHAR},</if>
            <if test="updateFields == null or updateFields.contains('supplyPrice')">`supplyPrice` = #{bean.supplyPrice,jdbcType=DECIMAL},</if>
            <if test="updateFields == null or updateFields.contains('selling')">`selling` = #{bean.selling,jdbcType=DECIMAL},</if>
            <if test="updateFields == null or updateFields.contains('commodityCode')">`commodityCode` = #{bean.commodityCode,jdbcType=VARCHAR},</if>
        </set>
        where `id` = #{bean.id}
    </update>

    <!-- todo -->
    <update id="batchUpdate" parameterType="com.lygtenant.xp.domain.entities.ProSpecificationEntity" >
        UPDATE `ProSpecification`
        <set>
            <if test="updateFields == null or updateFields.contains('createdTime')">`createdTime` = #{bean.createdTime,jdbcType=TIMESTAMP},</if>
            <if test="updateFields == null or updateFields.contains('updatedTime')">`updatedTime` = #{bean.updatedTime,jdbcType=TIMESTAMP},</if>
            <if test="updateFields == null or updateFields.contains('createdBy')">`createdBy` = #{bean.createdBy,jdbcType=VARCHAR},</if>
            <if test="updateFields == null or updateFields.contains('updatedBy')">`updatedBy` = #{bean.updatedBy,jdbcType=VARCHAR},</if>
            <if test="updateFields == null or updateFields.contains('proID')">`proID` = #{bean.proID,jdbcType=BIGINT},</if>
            <if test="updateFields == null or updateFields.contains('size1')">`size1` = #{bean.size1,jdbcType=VARCHAR},</if>
            <if test="updateFields == null or updateFields.contains('size2')">`size2` = #{bean.size2,jdbcType=VARCHAR},</if>
            <if test="updateFields == null or updateFields.contains('quantity')">`quantity` = #{bean.quantity,jdbcType=BIGINT},</if>
            <if test="updateFields == null or updateFields.contains('discount')">`discount` = #{bean.discount,jdbcType=DECIMAL},</if>
            <if test="updateFields == null or updateFields.contains('sellingPrice')">`sellingPrice` = #{bean.sellingPrice,jdbcType=DECIMAL},</if>
            <if test="updateFields == null or updateFields.contains('channel')">`channel` = #{bean.channel,jdbcType=VARCHAR},</if>
            <if test="updateFields == null or updateFields.contains('supplyPrice')">`supplyPrice` = #{bean.supplyPrice,jdbcType=DECIMAL},</if>
            <if test="updateFields == null or updateFields.contains('selling')">`selling` = #{bean.selling,jdbcType=DECIMAL},</if>
            <if test="updateFields == null or updateFields.contains('commodityCode')">`commodityCode` = #{bean.commodityCode,jdbcType=VARCHAR},</if>
        </set>
        where `id` = #{bean.id}
    </update>


    <delete id="delete" parameterType="java.lang.Long" >
        DELETE FROM `ProSpecification` where `id` = #{id}
    </delete>


    <delete id="batchDelete" >
        DELETE FROM `ProSpecification` where `id` in
        <foreach collection="list" item="pkValueItem" index="index"  separator="," open="(" close=")">
            #{pkValueItem}
        </foreach>
    </delete>

    <delete id="deleteReference">
        DELETE FROM `ProSpecification`
        <where>
            <choose>
                <when test="property == 'id'">
                    AND `id` = #{value, jdbcType=BIGINT}
                </when>
                <when test="property == 'createdTime'">
                    AND `createdTime` = #{value, jdbcType=TIMESTAMP}
                </when>
                <when test="property == 'updatedTime'">
                    AND `updatedTime` = #{value, jdbcType=TIMESTAMP}
                </when>
                <when test="property == 'createdBy'">
                    AND `createdBy` = #{value, jdbcType=VARCHAR}
                </when>
                <when test="property == 'updatedBy'">
                    AND `updatedBy` = #{value, jdbcType=VARCHAR}
                </when>
                <when test="property == 'proID'">
                    AND `proID` = #{value, jdbcType=BIGINT}
                </when>
                <when test="property == 'size1'">
                    AND `size1` = #{value, jdbcType=VARCHAR}
                </when>
                <when test="property == 'size2'">
                    AND `size2` = #{value, jdbcType=VARCHAR}
                </when>
                <when test="property == 'quantity'">
                    AND `quantity` = #{value, jdbcType=BIGINT}
                </when>
                <when test="property == 'discount'">
                    AND `discount` = #{value, jdbcType=DECIMAL}
                </when>
                <when test="property == 'sellingPrice'">
                    AND `sellingPrice` = #{value, jdbcType=DECIMAL}
                </when>
                <when test="property == 'channel'">
                    AND `channel` = #{value, jdbcType=VARCHAR}
                </when>
                <when test="property == 'supplyPrice'">
                    AND `supplyPrice` = #{value, jdbcType=DECIMAL}
                </when>
                <when test="property == 'selling'">
                    AND `selling` = #{value, jdbcType=DECIMAL}
                </when>
                <when test="property == 'commodityCode'">
                    AND `commodityCode` = #{value, jdbcType=VARCHAR}
                </when>
                <otherwise>
                    MUST BE ERROR
                </otherwise>
            </choose>
        </where>
    </delete>

    <select id="existReference" resultType="java.lang.Long" >
        select `id` from `ProSpecification` 
        <where>
            <choose>
                <when test="property == 'id'">
                    AND `id` = #{value, jdbcType=BIGINT}
                </when>
                <when test="property == 'createdTime'">
                    AND `createdTime` = #{value, jdbcType=TIMESTAMP}
                </when>
                <when test="property == 'updatedTime'">
                    AND `updatedTime` = #{value, jdbcType=TIMESTAMP}
                </when>
                <when test="property == 'createdBy'">
                    AND `createdBy` = #{value, jdbcType=VARCHAR}
                </when>
                <when test="property == 'updatedBy'">
                    AND `updatedBy` = #{value, jdbcType=VARCHAR}
                </when>
                <when test="property == 'proID'">
                    AND `proID` = #{value, jdbcType=BIGINT}
                </when>
                <when test="property == 'size1'">
                    AND `size1` = #{value, jdbcType=VARCHAR}
                </when>
                <when test="property == 'size2'">
                    AND `size2` = #{value, jdbcType=VARCHAR}
                </when>
                <when test="property == 'quantity'">
                    AND `quantity` = #{value, jdbcType=BIGINT}
                </when>
                <when test="property == 'discount'">
                    AND `discount` = #{value, jdbcType=DECIMAL}
                </when>
                <when test="property == 'sellingPrice'">
                    AND `sellingPrice` = #{value, jdbcType=DECIMAL}
                </when>
                <when test="property == 'channel'">
                    AND `channel` = #{value, jdbcType=VARCHAR}
                </when>
                <when test="property == 'supplyPrice'">
                    AND `supplyPrice` = #{value, jdbcType=DECIMAL}
                </when>
                <when test="property == 'selling'">
                    AND `selling` = #{value, jdbcType=DECIMAL}
                </when>
                <when test="property == 'commodityCode'">
                    AND `commodityCode` = #{value, jdbcType=VARCHAR}
                </when>
                <otherwise>
                    MUST BE ERROR
                </otherwise>
            </choose>
        </where>
         LIMIT 1
    </select>


    <select id="selectOne" resultMap="BaseResultMap" >
        select * from `ProSpecification` where `id`=#{id}
    </select>

    <select id="selectList" parameterType="com.lygtenant.xp.service.dto.filters.AbstractQueryFilter" resultMap="BaseResultMap" >
        select * from `ProSpecification`
        <where>
            ${filter.sql("mysql")}
        </where>
    </select>

    <select id="count" parameterType="com.lygtenant.xp.service.dto.filters.AbstractQueryFilter" resultType="java.lang.Integer" >
        select count(1) from `ProSpecification`
        <where>
            ${filter.sql("mysql")}
        </where>
    </select>

    <insert id="createOrUpdate" parameterType="com.lygtenant.xp.domain.entities.ProSpecificationEntity">
        INSERT INTO `ProSpecification` (
            `id`
            ,`createdTime`
            ,`updatedTime`
            ,`createdBy`
            ,`updatedBy`
            ,`proID`
            ,`size1`
            ,`size2`
            ,`quantity`
            ,`discount`
            ,`sellingPrice`
            ,`channel`
            ,`supplyPrice`
            ,`selling`
            ,`commodityCode`
        )
        VALUES (
            #{id,jdbcType=BIGINT}
            ,#{createdTime,jdbcType=TIMESTAMP}
            ,#{updatedTime,jdbcType=TIMESTAMP}
            ,#{createdBy,jdbcType=VARCHAR}
            ,#{updatedBy,jdbcType=VARCHAR}
            ,#{proID,jdbcType=BIGINT}
            ,#{size1,jdbcType=VARCHAR}
            ,#{size2,jdbcType=VARCHAR}
            ,#{quantity,jdbcType=BIGINT}
            ,#{discount,jdbcType=DECIMAL}
            ,#{sellingPrice,jdbcType=DECIMAL}
            ,#{channel,jdbcType=VARCHAR}
            ,#{supplyPrice,jdbcType=DECIMAL}
            ,#{selling,jdbcType=DECIMAL}
            ,#{commodityCode,jdbcType=VARCHAR}
        )
    </insert>


    <update id="updateBy">
        UPDATE `ProSpecification`
        <set>
        <if test="updateFields == null or updateFields.contains('createdTime')">`createdTime` = #{bean.createdTime,jdbcType=TIMESTAMP},</if>
        <if test="updateFields == null or updateFields.contains('updatedTime')">`updatedTime` = #{bean.updatedTime,jdbcType=TIMESTAMP},</if>
        <if test="updateFields == null or updateFields.contains('createdBy')">`createdBy` = #{bean.createdBy,jdbcType=VARCHAR},</if>
        <if test="updateFields == null or updateFields.contains('updatedBy')">`updatedBy` = #{bean.updatedBy,jdbcType=VARCHAR},</if>
        <if test="updateFields == null or updateFields.contains('proID')">`proID` = #{bean.proID,jdbcType=BIGINT},</if>
        <if test="updateFields == null or updateFields.contains('size1')">`size1` = #{bean.size1,jdbcType=VARCHAR},</if>
        <if test="updateFields == null or updateFields.contains('size2')">`size2` = #{bean.size2,jdbcType=VARCHAR},</if>
        <if test="updateFields == null or updateFields.contains('quantity')">`quantity` = #{bean.quantity,jdbcType=BIGINT},</if>
        <if test="updateFields == null or updateFields.contains('discount')">`discount` = #{bean.discount,jdbcType=DECIMAL},</if>
        <if test="updateFields == null or updateFields.contains('sellingPrice')">`sellingPrice` = #{bean.sellingPrice,jdbcType=DECIMAL},</if>
        <if test="updateFields == null or updateFields.contains('channel')">`channel` = #{bean.channel,jdbcType=VARCHAR},</if>
        <if test="updateFields == null or updateFields.contains('supplyPrice')">`supplyPrice` = #{bean.supplyPrice,jdbcType=DECIMAL},</if>
        <if test="updateFields == null or updateFields.contains('selling')">`selling` = #{bean.selling,jdbcType=DECIMAL},</if>
        <if test="updateFields == null or updateFields.contains('commodityCode')">`commodityCode` = #{bean.commodityCode,jdbcType=VARCHAR},</if>
        </set>
        where ${filter.sql("mysql")}
    </update>

    <delete id="deleteBy" parameterType="com.lygtenant.xp.service.dto.filters.AbstractQueryFilter">
        DELETE FROM `ProSpecification` where ${filter.sql("mysql")}
    </delete>
</mapper>