<?xml version="1.0" encoding="UTF-8"?>
<!DOCTYPE mapper PUBLIC "-//mybatis.org//DTD Mapper 3.0//EN" "http://mybatis.org/dtd/mybatis-3-mapper.dtd">
<!--
  automatically generated SalesRankingTemporaryEntity Mapper xml
-->
<mapper namespace="com.lygtenant.xp.repository.entities.SalesRankingTemporaryEntityMapper">
    <resultMap id="BaseResultMap" type="com.lygtenant.xp.domain.entities.SalesRankingTemporaryEntity">
        <id column="id" jdbcType="BIGINT" property="id" />
        <result column="createdTime" jdbcType="TIMESTAMP" property="createdTime" />
        <result column="updatedTime" jdbcType="TIMESTAMP" property="updatedTime" />
        <result column="createdBy" jdbcType="VARCHAR" property="createdBy" />
        <result column="updatedBy" jdbcType="VARCHAR" property="updatedBy" />
        <result column="proId" jdbcType="VARCHAR" property="proId" />
        <result column="salesRanking" jdbcType="BIGINT" property="salesRanking" />
    </resultMap>

    <!--
       ###################################################
       ######### mysql
       ###################################################
     -->
    <insert id="insert" parameterType="com.lygtenant.xp.domain.entities.SalesRankingTemporaryEntity"  >
        INSERT INTO `SalesRankingTemporary` (
            `id`
            ,`createdTime`
            ,`updatedTime`
            ,`createdBy`
            ,`updatedBy`
            ,`proId`
            ,`salesRanking`
        )
        VALUES (
            #{id,jdbcType=BIGINT}
            ,#{createdTime,jdbcType=TIMESTAMP}
            ,#{updatedTime,jdbcType=TIMESTAMP}
            ,#{createdBy,jdbcType=VARCHAR}
            ,#{updatedBy,jdbcType=VARCHAR}
            ,#{proId,jdbcType=VARCHAR}
            ,#{salesRanking,jdbcType=BIGINT}
        )
    </insert>

    <insert id="batchInsert"  parameterType="java.util.List" >
        INSERT INTO `SalesRankingTemporary` (
            `id`
            ,`createdTime`
            ,`updatedTime`
            ,`createdBy`
            ,`updatedBy`
            ,`proId`
            ,`salesRanking`
        )
        VALUES
        <foreach collection="list" item="item" index="index" separator=",">
        (
            #{item.id,jdbcType=BIGINT}
            ,#{item.createdTime,jdbcType=TIMESTAMP}
            ,#{item.updatedTime,jdbcType=TIMESTAMP}
            ,#{item.createdBy,jdbcType=VARCHAR}
            ,#{item.updatedBy,jdbcType=VARCHAR}
            ,#{item.proId,jdbcType=VARCHAR}
            ,#{item.salesRanking,jdbcType=BIGINT}
         )
        </foreach>
    </insert>

    <update id="update" parameterType="com.lygtenant.xp.domain.entities.SalesRankingTemporaryEntity" >
        UPDATE `SalesRankingTemporary`
        <set>
            <if test="updateFields == null or updateFields.contains('createdTime')">`createdTime` = #{bean.createdTime,jdbcType=TIMESTAMP},</if>
            <if test="updateFields == null or updateFields.contains('updatedTime')">`updatedTime` = #{bean.updatedTime,jdbcType=TIMESTAMP},</if>
            <if test="updateFields == null or updateFields.contains('createdBy')">`createdBy` = #{bean.createdBy,jdbcType=VARCHAR},</if>
            <if test="updateFields == null or updateFields.contains('updatedBy')">`updatedBy` = #{bean.updatedBy,jdbcType=VARCHAR},</if>
            <if test="updateFields == null or updateFields.contains('proId')">`proId` = #{bean.proId,jdbcType=VARCHAR},</if>
            <if test="updateFields == null or updateFields.contains('salesRanking')">`salesRanking` = #{bean.salesRanking,jdbcType=BIGINT},</if>
        </set>
        where `id` = #{bean.id}
    </update>

    <!-- todo -->
    <update id="batchUpdate" parameterType="com.lygtenant.xp.domain.entities.SalesRankingTemporaryEntity" >
        UPDATE `SalesRankingTemporary`
        <set>
            <if test="updateFields == null or updateFields.contains('createdTime')">`createdTime` = #{bean.createdTime,jdbcType=TIMESTAMP},</if>
            <if test="updateFields == null or updateFields.contains('updatedTime')">`updatedTime` = #{bean.updatedTime,jdbcType=TIMESTAMP},</if>
            <if test="updateFields == null or updateFields.contains('createdBy')">`createdBy` = #{bean.createdBy,jdbcType=VARCHAR},</if>
            <if test="updateFields == null or updateFields.contains('updatedBy')">`updatedBy` = #{bean.updatedBy,jdbcType=VARCHAR},</if>
            <if test="updateFields == null or updateFields.contains('proId')">`proId` = #{bean.proId,jdbcType=VARCHAR},</if>
            <if test="updateFields == null or updateFields.contains('salesRanking')">`salesRanking` = #{bean.salesRanking,jdbcType=BIGINT},</if>
        </set>
        where `id` = #{bean.id}
    </update>


    <delete id="delete" parameterType="java.lang.Long" >
        DELETE FROM `SalesRankingTemporary` where `id` = #{id}
    </delete>


    <delete id="batchDelete" >
        DELETE FROM `SalesRankingTemporary` where `id` in
        <foreach collection="list" item="pkValueItem" index="index"  separator="," open="(" close=")">
            #{pkValueItem}
        </foreach>
    </delete>

    <delete id="deleteReference">
        DELETE FROM `SalesRankingTemporary`
        <where>
            <choose>
                <when test="property == 'id'">
                    AND `id` = #{value, jdbcType=BIGINT}
                </when>
                <when test="property == 'createdTime'">
                    AND `createdTime` = #{value, jdbcType=TIMESTAMP}
                </when>
                <when test="property == 'updatedTime'">
                    AND `updatedTime` = #{value, jdbcType=TIMESTAMP}
                </when>
                <when test="property == 'createdBy'">
                    AND `createdBy` = #{value, jdbcType=VARCHAR}
                </when>
                <when test="property == 'updatedBy'">
                    AND `updatedBy` = #{value, jdbcType=VARCHAR}
                </when>
                <when test="property == 'proId'">
                    AND `proId` = #{value, jdbcType=VARCHAR}
                </when>
                <when test="property == 'salesRanking'">
                    AND `salesRanking` = #{value, jdbcType=BIGINT}
                </when>
                <otherwise>
                    MUST BE ERROR
                </otherwise>
            </choose>
        </where>
    </delete>

    <select id="existReference" resultType="java.lang.Long" >
        select `id` from `SalesRankingTemporary` 
        <where>
            <choose>
                <when test="property == 'id'">
                    AND `id` = #{value, jdbcType=BIGINT}
                </when>
                <when test="property == 'createdTime'">
                    AND `createdTime` = #{value, jdbcType=TIMESTAMP}
                </when>
                <when test="property == 'updatedTime'">
                    AND `updatedTime` = #{value, jdbcType=TIMESTAMP}
                </when>
                <when test="property == 'createdBy'">
                    AND `createdBy` = #{value, jdbcType=VARCHAR}
                </when>
                <when test="property == 'updatedBy'">
                    AND `updatedBy` = #{value, jdbcType=VARCHAR}
                </when>
                <when test="property == 'proId'">
                    AND `proId` = #{value, jdbcType=VARCHAR}
                </when>
                <when test="property == 'salesRanking'">
                    AND `salesRanking` = #{value, jdbcType=BIGINT}
                </when>
                <otherwise>
                    MUST BE ERROR
                </otherwise>
            </choose>
        </where>
         LIMIT 1
    </select>


    <select id="selectOne" resultMap="BaseResultMap" >
        select * from `SalesRankingTemporary` where `id`=#{id}
    </select>

    <select id="selectList" parameterType="com.lygtenant.xp.service.dto.filters.AbstractQueryFilter" resultMap="BaseResultMap" >
        select * from `SalesRankingTemporary`
        <where>
            ${filter.sql("mysql")}
        </where>
    </select>

    <select id="count" parameterType="com.lygtenant.xp.service.dto.filters.AbstractQueryFilter" resultType="java.lang.Integer" >
        select count(1) from `SalesRankingTemporary`
        <where>
            ${filter.sql("mysql")}
        </where>
    </select>

    <insert id="createOrUpdate" parameterType="com.lygtenant.xp.domain.entities.SalesRankingTemporaryEntity">
        INSERT INTO `SalesRankingTemporary` (
            `id`
            ,`createdTime`
            ,`updatedTime`
            ,`createdBy`
            ,`updatedBy`
            ,`proId`
            ,`salesRanking`
        )
        VALUES (
            #{id,jdbcType=BIGINT}
            ,#{createdTime,jdbcType=TIMESTAMP}
            ,#{updatedTime,jdbcType=TIMESTAMP}
            ,#{createdBy,jdbcType=VARCHAR}
            ,#{updatedBy,jdbcType=VARCHAR}
            ,#{proId,jdbcType=VARCHAR}
            ,#{salesRanking,jdbcType=BIGINT}
        )
    </insert>


    <update id="updateBy">
        UPDATE `SalesRankingTemporary`
        <set>
        <if test="updateFields == null or updateFields.contains('createdTime')">`createdTime` = #{bean.createdTime,jdbcType=TIMESTAMP},</if>
        <if test="updateFields == null or updateFields.contains('updatedTime')">`updatedTime` = #{bean.updatedTime,jdbcType=TIMESTAMP},</if>
        <if test="updateFields == null or updateFields.contains('createdBy')">`createdBy` = #{bean.createdBy,jdbcType=VARCHAR},</if>
        <if test="updateFields == null or updateFields.contains('updatedBy')">`updatedBy` = #{bean.updatedBy,jdbcType=VARCHAR},</if>
        <if test="updateFields == null or updateFields.contains('proId')">`proId` = #{bean.proId,jdbcType=VARCHAR},</if>
        <if test="updateFields == null or updateFields.contains('salesRanking')">`salesRanking` = #{bean.salesRanking,jdbcType=BIGINT},</if>
        </set>
        where ${filter.sql("mysql")}
    </update>

    <delete id="deleteBy" parameterType="com.lygtenant.xp.service.dto.filters.AbstractQueryFilter">
        DELETE FROM `SalesRankingTemporary` where ${filter.sql("mysql")}
    </delete>
</mapper>