<?xml version="1.0" encoding="UTF-8"?>
<!DOCTYPE mapper PUBLIC "-//mybatis.org//DTD Mapper 3.0//EN" "http://mybatis.org/dtd/mybatis-3-mapper.dtd">
<!--
  automatically generated SelectProSpCustomizeService Mapper xml
-->
<mapper namespace="com.lygtenant.xp.repository.SelectProSpCustomizeServiceMapper">

    <resultMap id="AnonymousStructure_4C7C4DCC8008CBC96C0AA0A59669FD8A" type="com.lygtenant.xp.domain.structure.anonymous.AnonymousStructure_FC014CDE6D211DB28BBEE65F04FC9784">
	<id column="T1_C1" property="productTemporary.id"/>
	<result column="T1_C2" property="productTemporary.createdTime"/>
	<result column="T1_C3" property="productTemporary.updatedTime"/>
	<result column="T1_C4" property="productTemporary.createdBy"/>
	<result column="T1_C5" property="productTemporary.updatedBy"/>
	<result column="T1_C6" property="productTemporary.proNumber"/>
	<result column="T1_C7" property="productTemporary.channel"/>
	<result column="T1_C8" property="productTemporary.size1"/>
	<result column="T1_C9" property="productTemporary.size2"/>
	<result column="T1_C10" property="productTemporary.brand"/>
	<result column="T1_C11" property="productTemporary.sellingPrice"/>
	<result column="T1_C12" property="productTemporary.quantity"/>
	<result column="T1_C13" property="productTemporary.type"/>
	<result column="T1_C14" property="productTemporary.type2"/>
	<result column="T1_C15" property="productTemporary.type3"/>
	<result column="T1_C16" property="productTemporary.sex"/>
	<result column="T1_C17" property="productTemporary.season"/>
	<result column="T1_C18" property="productTemporary.discount"/>
	<result column="T1_C19" property="productTemporary.salesRanking"/>
	<result column="T1_C20" property="productTemporary.proName"/>
</resultMap>
<select id="getAnonymousStructure_4C7C4DCC8008CBC96C0AA0A59669FD8A" resultMap="AnonymousStructure_4C7C4DCC8008CBC96C0AA0A59669FD8A">
	 SELECT `ProductTemporary`.`id` `T1_C1`,`ProductTemporary`.`createdTime` `T1_C2`,`ProductTemporary`.`updatedTime` `T1_C3`,`ProductTemporary`.`createdBy` `T1_C4`,`ProductTemporary`.`updatedBy` `T1_C5`,`ProductTemporary`.`proNumber` `T1_C6`,`ProductTemporary`.`channel` `T1_C7`,`ProductTemporary`.`size1` `T1_C8`,`ProductTemporary`.`size2` `T1_C9`,`ProductTemporary`.`brand` `T1_C10`,`ProductTemporary`.`sellingPrice` `T1_C11`,`ProductTemporary`.`quantity` `T1_C12`,`ProductTemporary`.`type` `T1_C13`,`ProductTemporary`.`type2` `T1_C14`,`ProductTemporary`.`type3` `T1_C15`,`ProductTemporary`.`sex` `T1_C16`,`ProductTemporary`.`season` `T1_C17`,`ProductTemporary`.`discount` `T1_C18`,`ProductTemporary`.`salesRanking` `T1_C19`,`ProductTemporary`.`proName` `T1_C20` FROM `ProductTemporary` 
<if test=" proCode!=null and 1==1 ">
	
<trim prefix = "WHERE" prefixOverrides = "and |or">
	`ProductTemporary`.`proNumber` = #{proCode}
</trim>
</if> 
<if test=" 1==1 ">
	 LIMIT ${( 1000 * ( 1 - 1 ) )}, ${1000}
</if>
</select>
<select id="countAnonymousStructure_4C7C4DCC8008CBC96C0AA0A59669FD8A" resultType="java.lang.Long">
	SELECT COUNT(*) FROM `ProductTemporary` 
<if test=" proCode!=null and 1==1 ">
	
<trim prefix = "WHERE" prefixOverrides = "and |or">
	`ProductTemporary`.`proNumber` = #{proCode}
</trim>
</if>
</select>


</mapper>