{"/api/lcplogics/logic1:POST":[[]],"/api/l-c-a-p-user:PUT":[[{"uiPath":"/permission_center/userManagement","type":"page"},{"uiPath":"/permission_center","type":"page"}]],"/api/lcplogics/LCAPGetScopeResourceByRoleId:POST":[[{"uiPath":"/permission_center/resourceManagement","type":"page"},{"uiPath":"/permission_center","type":"page"}]],"/api/l-c-a-p-user-role-mapping:DELETE":[[{"uiPath":"/permission_center/addRoleUser","type":"page"},{"uiPath":"/permission_center","type":"page"}]],"/api/lcplogics/LCAPGetUserTableView:POST":[[{"uiPath":"/permission_center/userManagement","type":"page"},{"uiPath":"/permission_center","type":"page"}]],"/api/l-c-a-p-per-res-mapping:POST":[[{"uiPath":"/permission_center/resourceManagement","type":"page"},{"uiPath":"/permission_center","type":"page"}]],"/api/pro-specification/by:DELETE":[[]],"/api/sales-ranking-temporary/by:DELETE":[[]],"/api/l-c-a-p-role:DELETE":[[{"uiPath":"/permission_center/roleManagement","type":"page"},{"uiPath":"/permission_center","type":"page"}]],"/api/l-c-a-p-user:POST":[[{"uiPath":"/permission_center/userManagement","type":"page"},{"uiPath":"/permission_center","type":"page"}]],"/api/l-c-a-p-role:GET":[[{"uiPath":"/permission_center/roleManagement","type":"page"},{"uiPath":"/permission_center","type":"page"}]],"/api/product-temporary/import:POST":[[]],"/api/lcplogics/loadProductListTableView:POST":[[]],"/api/product:POST":[[]],"/api/l-c-a-p-role:PUT":[[{"uiPath":"/permission_center/roleManagement","type":"page"},{"uiPath":"/permission_center","type":"page"}]],"/api/product-temporary/by:DELETE":[[]],"/api/lcplogics/logic2:POST":[[]],"/api/lcplogics/LCAPGetRolePermissionList:POST":[[{"uiPath":"/permission_center/roleManagement","type":"page"},{"uiPath":"/permission_center","type":"page"}]],"/api/lcplogics/LCAPGetUserByUserId:POST":[[{"uiPath":"/permission_center/addRoleUser","type":"page"},{"uiPath":"/permission_center","type":"page"}]],"/api/lcplogics/LCAPGetPermissionByRoleId:POST":[[{"uiPath":"/permission_center/resourceManagement","type":"page"},{"uiPath":"/permission_center","type":"page"}]],"/api/lcplogics/selectProSp:POST":[[]],"/api/l-c-a-p-user:DELETE":[[{"uiPath":"/permission_center/userManagement","type":"page"},{"uiPath":"/permission_center","type":"page"}]],"/api/lcplogics/LCAPLoadUserRoleMappingTableView:POST":[[{"uiPath":"/permission_center/addRoleUser","type":"page"},{"uiPath":"/permission_center","type":"page"}]],"/api/l-c-a-p-permission:POST":[[{"uiPath":"/permission_center/roleManagement","type":"page"},{"uiPath":"/permission_center","type":"page"}]],"/api/l-c-a-p-per-res-mapping:DELETE":[[{"uiPath":"/permission_center/resourceManagement","type":"page"},{"uiPath":"/permission_center","type":"page"}]],"/api/lcplogics/logic3:POST":[[]],"/api/l-c-a-p-role:POST":[[{"uiPath":"/permission_center/roleManagement","type":"page"},{"uiPath":"/permission_center","type":"page"}]],"/api/lcplogics/loadProListTableView:POST":[[]],"/api/product/by:DELETE":[[]],"/api/lcplogics/LCAPLoadRoleManagementTableView:POST":[[{"uiPath":"/permission_center/roleManagement","type":"page"},{"uiPath":"/permission_center","type":"page"}]],"/api/product:DELETE":[[]],"/api/lcplogics/LCAPGetRoleBindUserList:POST":[[{"uiPath":"/permission_center/addRoleUser","type":"page"},{"uiPath":"/permission_center","type":"page"}]],"/api/lcplogics/LCAPGetAllUsers:POST":[[{"uiPath":"/permission_center/addRoleUser","type":"page"},{"uiPath":"/permission_center","type":"page"}],[{"uiPath":"/permission_center/userManagement","type":"page"},{"uiPath":"/permission_center","type":"page"}]],"/api/product:PUT":[[]],"/api/l-c-a-p-user-role-mapping:POST":[[{"uiPath":"/permission_center/addRoleUser","type":"page"},{"uiPath":"/permission_center","type":"page"}]],"/api/sales-ranking-temporary/import:POST":[[]],"/api/lcplogics/LCAPGetMappingByPermissionIdAndResourceId:POST":[[{"uiPath":"/permission_center/resourceManagement","type":"page"},{"uiPath":"/permission_center","type":"page"}]],"/api/lcplogics/LCAPIsRoleNameRepeated:POST":[[{"uiPath":"/permission_center/roleManagement","type":"page"},{"uiPath":"/permission_center","type":"page"}]],"/api/l-c-a-p-role-per-mapping:POST":[[{"uiPath":"/permission_center/roleManagement","type":"page"},{"uiPath":"/permission_center","type":"page"}]],"/api/lcplogics/logic4:POST":[[]],"/api/lcplogics/LCAPLoadResourceTableView:POST":[[{"uiPath":"/permission_center/resourceManagement","type":"page"},{"uiPath":"/permission_center","type":"page"}]],"/api/product/by:PUT":[[]],"/api/product:GET":[[]],"/api/pro-specification:POST":[[]]}