[{"name":"/permission_center/addRoleUser","description":null,"type":"page","createdTime":"Tue Dec 26 15:57:08 GMT+08:00 2023","clientType":"pc"},{"name":"/permission_center/resourceManagement","description":null,"type":"page","createdTime":"Tue Dec 26 15:57:08 GMT+08:00 2023","clientType":"pc"},{"name":"/permission_center/roleManagement","description":null,"type":"page","createdTime":"Tue Dec 26 15:57:08 GMT+08:00 2023","clientType":"pc"},{"name":"/permission_center/userManagement","description":null,"type":"page","createdTime":"Tue Dec 26 15:57:08 GMT+08:00 2023","clientType":"pc"},{"name":"/permission_center","description":null,"type":"page","createdTime":"Tue Dec 26 15:57:08 GMT+08:00 2023","clientType":"pc"}]